Number,Id,i7,i5,Well_Position_Vertical
 1,Barcode Adapter 1,ATCTAGCCGGCC,,1
 2,Barcode Adapter 2,TATCTCTTCCTT,,9
 3,Barcode Adapter 3,TAGATGCCGTCC,,17
 4,Barcode Adapter 4,CGCTCCTTCCTT,,25
 5,Barcode Adapter 5,CGAGCGCCGTCC,,33
 6,Barcode Adapter 6,TCGAGAGTCCGG,,41
 7,Barcode Adapter 7,GCTCGGCCGGCC,,49
 8,Barcode Adapter 8,AGCTCAGTCCGG,,57
 9,Barcode Adapter 9,ACTGCCGCGTCC,,65
 10,Barcode Adapter 10,TTACTTCTCCGG,,73
 11,Barcode Adapter 11,TGACGCGCGGCC,,81
 12,Barcode Adapter 12,AATGATCTCCGG,,89
 13,Barcode Adapter 13,AAGCGTACGTCC,,2
 14,Barcode Adapter 14,TTATCAGTCCTT,,10
 15,Barcode Adapter 15,GTCATCGCGTCC,,18
 16,Barcode Adapter 16,CCGTCTCTCCGG,,26
 17,Barcode Adapter 17,TTCGCTACGTCC,,34
 18,Barcode Adapter 18,ACGCTCTTCCGG,,42
 19,Barcode Adapter 19,CAGTACGCGGCC,,50
 20,Barcode Adapter 20,GTACTGATCCTT,,58
 21,Barcode Adapter 21,GGATATACGGCC,,66
 22,Barcode Adapter 22,CATAGCTTCCGG,,74
 23,Barcode Adapter 23,GAGGCATCGGCC,,82
 24,Barcode Adapter 24,ATAAGGATCCGG,,90
 25,Barcode Adapter 25,CTCCGATCGTCC,,3
 26,Barcode Adapter 26,TATTCGATCCGG,,11
 27,Barcode Adapter 27,TCTTAATCGTCC,,19
 28,Barcode Adapter 28,CGCCTGATCCGG,,27
 29,Barcode Adapter 29,AGAATATCGTCC,,35
 30,Barcode Adapter 30,GCGGAGATCCGG,,43
 31,Barcode Adapter 31,CATGGCCGGTCC,,51
 32,Barcode Adapter 32,GTCACGTACCTT,,59
 33,Barcode Adapter 33,TGCAACCGGTCC,,67
 34,Barcode Adapter 34,CCTGTTGACCGG,,75
 35,Barcode Adapter 35,AGCCCAAGGTCC,,83
 36,Barcode Adapter 36,GCTTGGTACCGG,,91
 37,Barcode Adapter 37,TCGGGAAGGTCC,,4
 38,Barcode Adapter 38,CGAACGTACCGG,,12
 39,Barcode Adapter 39,GATTTAAGGGCC,,20
 40,Barcode Adapter 40,AGAACTGACCTT,,28
 41,Barcode Adapter 41,CCGCCTTGGTCC,,36
 42,Barcode Adapter 42,TGATGCAACCGG,,44
 43,Barcode Adapter 43,GGCGGTTGGGCC,,52
 44,Barcode Adapter 44,ACTACCAACCGG,,60
 45,Barcode Adapter 45,AATAATTGGTCC,,68
 46,Barcode Adapter 46,GTCGTCAACCGG,,76
 47,Barcode Adapter 47,AAATCTCAGGCC,,84
 48,Barcode Adapter 48,GTGCGCGGCCGG,,92
 49,Barcode Adapter 49,TTTAGTCAGTCC,,5
 50,Barcode Adapter 50,CACGCCGGCCGG,,13
 51,Barcode Adapter 51,CCCGATCAGTCC,,21
 52,Barcode Adapter 52,TGTATCGGCCGG,,29
 53,Barcode Adapter 53,CTTTCAGAGTCC,,37
 54,Barcode Adapter 54,TACCGGCGCCGG,,45
 55,Barcode Adapter 55,GAAAGAGAGTCC,,53
 56,Barcode Adapter 56,CTGGCTAGCCTT,,61
 57,Barcode Adapter 57,AGGGAAGAGGCC,,69
 58,Barcode Adapter 58,GACCGTAGCCTT,,77
 59,Barcode Adapter 59,TCCCTAGAGTCC,,85
 60,Barcode Adapter 60,AGTTATAGCCTT,,93
 61,Barcode Adapter 61,GCCTCGAAGTCC,,6
 62,Barcode Adapter 62,CGTCGCGGCCTT,,14
 63,Barcode Adapter 63,CGGAGGAAGGCC,,22
 64,Barcode Adapter 64,GCAGCCGGCCTT,,30
 65,Barcode Adapter 65,TAAGAGAAGTCC,,38
 66,Barcode Adapter 66,ATGATCGGCCTT,,46
 67,Barcode Adapter 67,ATTCTGAAGTCC,,54
 68,Barcode Adapter 68,TACTACGGCCTT,,62
 69,Barcode Adapter 69,TGGTCCTAGTCC,,70
 70,Barcode Adapter 70,AACATTAGCCGG,,78
 71,Barcode Adapter 71,ACCAGCTAGTCC,,86
 72,Barcode Adapter 72,TTGTATAGCCGG,,94
 73,Barcode Adapter 73,GTTGACTAGTCC,,7
 74,Barcode Adapter 74,CCACGTAGCCGG,,15
 75,Barcode Adapter 75,CAACTCTAGTCC,,23
 76,Barcode Adapter 76,TGTGCGCGCCTT,,31
 77,Barcode Adapter 77,GGTACTGTGGCC,,39
 78,Barcode Adapter 78,AAATTAACCCTT,,47
 79,Barcode Adapter 79,TTGCATGTGGCC,,55
 80,Barcode Adapter 80,CCCGGAACCCTT,,63
 81,Barcode Adapter 81,AACGTTGTGTCC,,71
 82,Barcode Adapter 82,GGGCCAACCCTT,,79
 83,Barcode Adapter 83,CACACCATGTCC,,87
 84,Barcode Adapter 84,TTTGGTTCCCGG,,95
 85,Barcode Adapter 85,GTGTGCATGTCC,,8
 86,Barcode Adapter 86,CCCAATTCCCGG,,16
 87,Barcode Adapter 87,TGTGTCATGTCC,,24
 88,Barcode Adapter 88,AAACCTTCCCGG,,32
 89,Barcode Adapter 89,ATGACGTTGTCC,,40
 90,Barcode Adapter 90,TCCTTAACCCGG,,48
 91,Barcode Adapter 91,CGTCAGTTGTCC,,56
 92,Barcode Adapter 92,GAAGGAACCCGG,,64
 93,Barcode Adapter 93,GCAGTGTTGGCC,,72
 94,Barcode Adapter 94,CTTCCAACCCGG,,80
 95,Barcode Adapter 95,GTATGACCAGCC,,88
 96,Barcode Adapter 96,CCTAAGGTTCGG,,96
 97,Barcode Adapter 97,TGCGTACCATCC,,97
 98,Barcode Adapter 98,AAGCCGGTTCGG,,105
 99,Barcode Adapter 99,ATAACTGCATCC,,113
 100,Barcode Adapter 100,GAGGGCCTTCGG,,121
 101,Barcode Adapter 101,TATTGTGCAGCC,,129
 102,Barcode Adapter 102,AGAAACCTTCGG,,137
 103,Barcode Adapter 103,CGCCATGCATCC,,145
 104,Barcode Adapter 104,TCTTTCCTTCGG,,153
 105,Barcode Adapter 105,GCGGTTGCATCC,,161
 106,Barcode Adapter 106,ATCCCAATTCTT,,169
 107,Barcode Adapter 107,TCGACCACAGCC,,177
 108,Barcode Adapter 108,CTCTTGGTTCTT,,185
 109,Barcode Adapter 109,AGCTGCACAGCC,,98
 110,Barcode Adapter 110,TCTCCGGTTCTT,,106
 111,Barcode Adapter 111,CTAGTCACAGCC,,114
 112,Barcode Adapter 112,GAGAAGGTTCTT,,122
 113,Barcode Adapter 113,CCGTGGTCATCC,,130
 114,Barcode Adapter 114,TGACCAATTCGG,,138
 115,Barcode Adapter 115,TTACAGTCATCC,,146
 116,Barcode Adapter 116,CAGTTAATTCGG,,154
 117,Barcode Adapter 117,AATGTGTCAGCC,,162
 118,Barcode Adapter 118,TTCAACCTTCTT,,170
 119,Barcode Adapter 119,GCTTCTCGATCC,,178
 120,Barcode Adapter 120,ATAATATATCTT,,186
 121,Barcode Adapter 121,CGAAGTCGATCC,,99
 122,Barcode Adapter 122,TCGGCCGATCGG,,107
 123,Barcode Adapter 123,TAGGATCGATCC,,115
 124,Barcode Adapter 124,CTAATCGATCGG,,123
 125,Barcode Adapter 125,ATCCTTCGATCC,,131
 126,Barcode Adapter 126,GATTACGATCGG,,139
 127,Barcode Adapter 127,TGATCAGGAGCC,,147
 128,Barcode Adapter 128,CCGCGGCATCGG,,155
 129,Barcode Adapter 129,ACTAGAGGATCC,,163
 130,Barcode Adapter 130,GTATATAATCTT,,171
 131,Barcode Adapter 131,GTCGAAGGAGCC,,179
 132,Barcode Adapter 132,AATATGCATCGG,,187
 133,Barcode Adapter 133,CAGCTAGGATCC,,100
 134,Barcode Adapter 134,TGCGCTAATCTT,,108
 135,Barcode Adapter 135,TTCAGGAGAGCC,,116
 136,Barcode Adapter 136,ACGTAATATCGG,,124
 137,Barcode Adapter 137,CCTGAGAGATCC,,132
 138,Barcode Adapter 138,TTACGCGATCTT,,140
 139,Barcode Adapter 139,GGACTGAGATCC,,148
 140,Barcode Adapter 140,CATGCATATCGG,,156
 141,Barcode Adapter 141,CTCTCCTGATCC,,164
 142,Barcode Adapter 142,GATCGGCATCTT,,172
 143,Barcode Adapter 143,GAGAGCTGAGCC,,180
 144,Barcode Adapter 144,ATAGCTAATCGG,,188
 145,Barcode Adapter 145,AGAGACTGATCC,,101
 146,Barcode Adapter 146,TCGATGCATCTT,,109
 147,Barcode Adapter 147,TCTCTCTGAGCC,,117
 148,Barcode Adapter 148,CGCTATAATCGG,,125
 149,Barcode Adapter 149,TCAGGCCAAGCC,,133
 150,Barcode Adapter 150,CGGACTGGTCGG,,141
 151,Barcode Adapter 151,CTGAACCAATCC,,149
 152,Barcode Adapter 152,GCCTGTGGTCGG,,157
 153,Barcode Adapter 153,GACTTCCAAGCC,,165
 154,Barcode Adapter 154,CTTCAGTGTCTT,,173
 155,Barcode Adapter 155,CCACCGGAATCC,,181
 156,Barcode Adapter 156,TGGTGACGTCGG,,189
 157,Barcode Adapter 157,AACAAGGAAGCC,,102
 158,Barcode Adapter 158,GTTGTACGTCGG,,110
 159,Barcode Adapter 159,TTGTTGGAATCC,,118
 160,Barcode Adapter 160,AAACACAGTCTT,,126
 161,Barcode Adapter 161,ATGGGTTAATCC,,134
 162,Barcode Adapter 162,GAAACCAGTCGG,,142
 163,Barcode Adapter 163,GCAAATTAACCC,,150
 164,Barcode Adapter 164,CTTTGCAGTGGG,,158
 165,Barcode Adapter 165,TTTGCGCTATCC,,166
 166,Barcode Adapter 166,CCACTCTCTCTT,,174
 167,Barcode Adapter 167,AAACGGCTATCC,,182
 168,Barcode Adapter 168,TGTGAAGCTCGG,,190
 169,Barcode Adapter 169,GGGTAGCTATCC,,103
 170,Barcode Adapter 170,AACAGCTCTCTT,,111
 171,Barcode Adapter 171,CCCATGCTAGCC,,119
 172,Barcode Adapter 172,TTGTCCTCTCTT,,127
 173,Barcode Adapter 173,GAAGCCGTATCC,,135
 174,Barcode Adapter 174,CTGAGGACTCTT,,143
 175,Barcode Adapter 175,CTTCGCGTAGCC,,151
 176,Barcode Adapter 176,GACTCGACTCTT,,159
 177,Barcode Adapter 177,TCCTACGTATCC,,167
 178,Barcode Adapter 178,AGTCTGACTCTT,,175
 179,Barcode Adapter 179,ATGGCGCGCTGG,,183
 180,Barcode Adapter 180,GCCCTCTAGCAA,,191
 181,Barcode Adapter 181,CGTTAGCGCGGG,,104
 182,Barcode Adapter 182,TAAAGCTAGCAA,,112
 183,Barcode Adapter 183,GCAATGCGCTGG,,120
 184,Barcode Adapter 184,ATTTCCTAGCAA,,128
 185,Barcode Adapter 185,GGTGCTAGCTGG,,136
 186,Barcode Adapter 186,CCCAGAGAGCAA,,144
 187,Barcode Adapter 187,TCAGCATGCTGG,,152
 188,Barcode Adapter 188,AGGAGTCAGCAA,,160
 189,Barcode Adapter 189,AGTCGATGCTGG,,168
 190,Barcode Adapter 190,GAAGATCAGCAA,,176
 191,Barcode Adapter 191,GACTAATGCTGG,,184
 192,Barcode Adapter 192,CTTCTTCAGCAA,,192
 193,Barcode Adapter 193,CTGATATGCTGG,,193
 194,Barcode Adapter 194,TCCTCTCAGCAA,,201
 195,Barcode Adapter 195,GAGACACACGGG,,209
 196,Barcode Adapter 196,CTAGGTTGGCAA,,217
 197,Barcode Adapter 197,CTCTGACACTGG,,225
 198,Barcode Adapter 198,TCGAATTGGCAA,,233
 199,Barcode Adapter 199,AGAGTACACTGG,,241
 200,Barcode Adapter 200,GATCCTTGGCAA,,249
 201,Barcode Adapter 201,TTCACTGACGGG,,257
 202,Barcode Adapter 202,CCGTTAAGGCAA,,265
 203,Barcode Adapter 203,AAGTGTGACTGG,,273
 204,Barcode Adapter 204,TTACCAAGGCAA,,281
 205,Barcode Adapter 205,ATCCAGTACGGG,,194
 206,Barcode Adapter 206,TATTTCCGGCAA,,202
 207,Barcode Adapter 207,TAGGTGTACCGG,,210
 208,Barcode Adapter 208,ATAAACCGGTAA,,218
 209,Barcode Adapter 209,CTAGAAGTCCGG,,226
 210,Barcode Adapter 210,GAGATTACGTAA,,234
 211,Barcode Adapter 211,GATCTAGTCCGG,,242
 212,Barcode Adapter 212,AGAGCTACGGAA,,250
 213,Barcode Adapter 213,TTGACCATGTGG,,258
 214,Barcode Adapter 214,CCCTTGGCCCAA,,266
 215,Barcode Adapter 215,GCATGACTGTGG,,274
 216,Barcode Adapter 216,ATTAATTCCCAA,,282
 217,Barcode Adapter 217,CGTACACTGTGG,,195
 218,Barcode Adapter 218,GCCGGTTCCCAA,,203
 219,Barcode Adapter 219,TTTCTCTAGTGG,,211
 220,Barcode Adapter 220,CCAGCGCGCCAA,,219
 221,Barcode Adapter 221,AAAGACTAGTGG,,227
 222,Barcode Adapter 222,TTGATGCGCCAA,,235
 223,Barcode Adapter 223,GAACTGAAGTGG,,243
 224,Barcode Adapter 224,AGTGCCGGCCAA,,251
 225,Barcode Adapter 225,CTTGAGAAGTGG,,259
 226,Barcode Adapter 226,TCACGCGGCCAA,,267
 227,Barcode Adapter 227,TCCAGGAAGTGG,,275
 228,Barcode Adapter 228,CTGTACGGCCAA,,283
 229,Barcode Adapter 229,AGGTCGAAGTGG,,196
 230,Barcode Adapter 230,GACATCGGCCAA,,204
 231,Barcode Adapter 231,CGGCTAGAGTGG,,212
 232,Barcode Adapter 232,TACGCTAGCCAA,,220
 233,Barcode Adapter 233,GCCGAAGAGTGG,,228
 234,Barcode Adapter 234,CGTATTAGCCAA,,236
 235,Barcode Adapter 235,ATTAGAGAGTGG,,244
 236,Barcode Adapter 236,GCATATAGCCAA,,252
 237,Barcode Adapter 237,TAATCAGAGTGG,,260
 238,Barcode Adapter 238,ATGCGTAGCCAA,,268
 239,Barcode Adapter 239,ACCCTTCAGTGG,,276
 240,Barcode Adapter 240,GTGGCATGCCAA,,284
 241,Barcode Adapter 241,TGGGATCAGTGG,,197
 242,Barcode Adapter 242,CACCGATGCCAA,,205
 243,Barcode Adapter 243,CAAAGTCAGTGG,,213
 244,Barcode Adapter 244,TGTTAATGCCAA,,221
 245,Barcode Adapter 245,GTTTCTCAGTGG,,229
 246,Barcode Adapter 246,ACAATATGCCAA,,237
 247,Barcode Adapter 247,GTAAATTGGTGG,,245
 248,Barcode Adapter 248,ACTTGACACCAA,,253
 249,Barcode Adapter 249,ACGGGTTGGTGG,,261
 250,Barcode Adapter 250,TGAACACACCAA,,269
 251,Barcode Adapter 251,TGCCCTTGGTGG,,277
 252,Barcode Adapter 252,CAGGTACACCAA,,285
 253,Barcode Adapter 253,ATATTAAGGTGG,,198
 254,Barcode Adapter 254,GCTACTGACCAA,,206
 255,Barcode Adapter 255,CGCGGAAGGTGG,,214
 256,Barcode Adapter 256,TAGCATGACCAA,,222
 257,Barcode Adapter 257,GCGCCAAGGTGG,,230
 258,Barcode Adapter 258,CGATGTGACCAA,,238
 259,Barcode Adapter 259,GGCTTCCGGTGG,,246
 260,Barcode Adapter 260,CCTCAGTACCAA,,254
 261,Barcode Adapter 261,TTAGGCCGGTGG,,262
 262,Barcode Adapter 262,AAGACGTACCAA,,270
 263,Barcode Adapter 263,GCTATATCGTGG,,278
 264,Barcode Adapter 264,ATATCTCTCCAA,,286
 265,Barcode Adapter 265,CGATAATCGTGG,,199
 266,Barcode Adapter 266,TATAGTCTCCAA,,207
 267,Barcode Adapter 267,TAGCGATCGTGG,,215
 268,Barcode Adapter 268,CGCGATCTCCAA,,223
 269,Barcode Adapter 269,ATCGCATCGTGG,,231
 270,Barcode Adapter 270,GCGCTTCTCCAA,,239
 271,Barcode Adapter 271,TGAATTACGCGG,,247
 272,Barcode Adapter 272,CATTCAGTCTAA,,255
 273,Barcode Adapter 273,GGAAGAGGACGG,,263
 274,Barcode Adapter 274,ACGGCGCATTCC,,271
 275,Barcode Adapter 275,CCTTCAGGAGGG,,279
 276,Barcode Adapter 276,GTAATGCATCCC,,287
 277,Barcode Adapter 277,GAGCTTCGACGG,,200
 278,Barcode Adapter 278,CTATAATATTAA,,208
 279,Barcode Adapter 279,CTCGATCGACGG,,216
 280,Barcode Adapter 280,TATATCGATGCC,,224
 281,Barcode Adapter 281,TCTAGTCGATGG,,232
 282,Barcode Adapter 282,CGCGCCGATCCC,,240
 283,Barcode Adapter 283,AGATCTCGACGG,,248
 284,Barcode Adapter 284,GCGCGCGATGCC,,256
 285,Barcode Adapter 285,GTAGTGTCATGG,,264
 286,Barcode Adapter 286,CCTCCAATTCCC,,272
 287,Barcode Adapter 287,CATCAGTCAGGG,,280
 288,Barcode Adapter 288,GTCTTCCTTCAA,,288
 289,Barcode Adapter 289,ACGACGTCACGG,,289
 290,Barcode Adapter 290,TTCTTAATTGCC,,297
 291,Barcode Adapter 291,TATGTCACATGG,,305
 292,Barcode Adapter 292,ATCAAGGTTCAA,,313
 293,Barcode Adapter 293,ATACACACATGG,,321
 294,Barcode Adapter 294,TAGTTGGTTCAA,,329
 295,Barcode Adapter 295,AGCGTTGCACGG,,337
 296,Barcode Adapter 296,GAGCCAATTGAA,,345
 297,Barcode Adapter 297,TCGCATGCATGG,,353
 298,Barcode Adapter 298,CTCGGAATTCAA,,361
 299,Barcode Adapter 299,CTATGTGCACGG,,369
 300,Barcode Adapter 300,GCTAACCTTTCC,,377
 301,Barcode Adapter 301,GATACTGCACGG,,290
 302,Barcode Adapter 302,ATCGGCCTTTCC,,298
 303,Barcode Adapter 303,CCGGTACCATGG,,306
 304,Barcode Adapter 304,GTCCCGGTTCCC,,314
 305,Barcode Adapter 305,AATTGACCACGG,,322
 306,Barcode Adapter 306,TGAAAGGTTTCC,,330
 307,Barcode Adapter 307,CCAGTCATGCGG,,338
 308,Barcode Adapter 308,TTTCCGGCCGAA,,346
 309,Barcode Adapter 309,CGGCCTTCCCAA,,354
 310,Barcode Adapter 310,GACGTCATGTTT,,362
 311,Barcode Adapter 311,ACACACATGTCC,,370
 312,Barcode Adapter 312,TGGTTGGCCCTT,,378
 313,Barcode Adapter 313,GCTAATCTGGAA,,291
 314,Barcode Adapter 314,CTATGCGCCATT,,299
 315,Barcode Adapter 315,CGATTTCTGAAA,,307
 316,Barcode Adapter 316,GCGCAATCCGGG,,315
 317,Barcode Adapter 317,CAGGGAGTGGAA,,323
 318,Barcode Adapter 318,TGCCATACCAGG,,331
 319,Barcode Adapter 319,AAGAAGATGGAA,,339
 320,Barcode Adapter 320,GTAGTATCCATT,,347
 321,Barcode Adapter 321,TTCTTGATGAAA,,355
 322,Barcode Adapter 322,ACGACATCCGTT,,363
 323,Barcode Adapter 323,AGACCCTTGAAA,,371
 324,Barcode Adapter 324,TATGTTACCGTT,,379
 325,Barcode Adapter 325,TCTGGCTTGAAA,,292
 326,Barcode Adapter 326,CGCACTACCGTT,,300
 327,Barcode Adapter 327,GAGTTCTTGGAA,,308
 328,Barcode Adapter 328,ATACATACCATT,,316
 329,Barcode Adapter 329,AGGCCAGCAGAA,,324
 330,Barcode Adapter 330,TACGTGCTTATT,,332
 331,Barcode Adapter 331,TCCGGAGCAGAA,,340
 332,Barcode Adapter 332,ATGCAGCTTATT,,348
 333,Barcode Adapter 333,GAATTAGCAGAA,,356
 334,Barcode Adapter 334,CGTACGCTTATT,,364
 335,Barcode Adapter 335,TAACCGACATAA,,372
 336,Barcode Adapter 336,AGTGTATTTATT,,380
 337,Barcode Adapter 337,ATTGGGACAGAA,,293
 338,Barcode Adapter 338,TCACAATTTATT,,301
 339,Barcode Adapter 339,GCCAAGACAGAA,,309
 340,Barcode Adapter 340,CTGTGATTTATT,,317
 341,Barcode Adapter 341,ATTGCGGTGAAA,,325
 342,Barcode Adapter 342,GACAGACCCTTT,,333
 343,Barcode Adapter 343,GATATCTAATTT,,341
 344,Barcode Adapter 344,ATCGATAGTAAA,,349
 345,Barcode Adapter 345,TGAGGACTAATT,,357
 346,Barcode Adapter 346,AATCAGGCTTAA,,365
 347,Barcode Adapter 347,CAGAAACTATTT,,373
 348,Barcode Adapter 348,TGCTGTTCTACC,,381
 349,Barcode Adapter 349,GTCTTACTATTT,,294
 350,Barcode Adapter 350,CATCATTCTACC,,302
 351,Barcode Adapter 351,CGACCTGTATTT,,310
 352,Barcode Adapter 352,GCGTGAACTCCC,,318
 353,Barcode Adapter 353,GCTGGTGTATTT,,326
 354,Barcode Adapter 354,CTACACCCTAAA,,334
 355,Barcode Adapter 355,ATCAATGTATTT,,342
 356,Barcode Adapter 356,TATGTAACTACC,,350
 357,Barcode Adapter 357,TAGTTTGTATTT,,358
 358,Barcode Adapter 358,ATACAAACTCCC,,366
 359,Barcode Adapter 359,GAGCCCATAATT,,374
 360,Barcode Adapter 360,CGCGTTTCTTAA,,382
 361,Barcode Adapter 361,CCTATTACGTCC,,295
 362,Barcode Adapter 362,GGCGAAGTCCTT,,303
 363,Barcode Adapter 363,ACGTTCCGGTCC,,311
 364,Barcode Adapter 364,GGACATGACCGG,,319
 365,Barcode Adapter 365,GGGCTTCAGGCC,,327
 366,Barcode Adapter 366,ACATACGGCCGG,,335
 367,Barcode Adapter 367,CATACACCATCC,,343
 368,Barcode Adapter 368,GGATTGGTTCGG,,351
 369,Barcode Adapter 369,GGCACGTCAGCC,,359
 370,Barcode Adapter 370,ACTGGAATTCGG,,367
 371,Barcode Adapter 371,AAGTCGAGAGCC,,375
 372,Barcode Adapter 372,GGCATCGATCTT,,383
 373,Barcode Adapter 373,GGCAGTCTCTGG,,296
 374,Barcode Adapter 374,CCTGCATCGCAA,,304
 375,Barcode Adapter 375,GGGAGCTAGTGG,,312
 376,Barcode Adapter 376,AACTAGCGCCAA,,320
 377,Barcode Adapter 377,CCCTCCTAGTGG,,328
 378,Barcode Adapter 378,GGTCGGCGCCAA,,336
 379,Barcode Adapter 379,CCGAACCGGTGG,,344
 380,Barcode Adapter 380,GGAGTGTACCAA,,352
 381,Barcode Adapter 381,GGCCAACCACGG,,360
 382,Barcode Adapter 382,ACTTTGGTTGCC,,368
 383,Barcode Adapter 383,AACTGCATGCGG,,376
 384,Barcode Adapter 384,GGGAAGGCCTAA,,384
