Number,Id,i7,i5,Well_Position_Vertical,Coordinate
1,7P1_5P1,GGTATCGATCTC,CGCCTTTC,0
2,7P1_5P2,GGTATCGATCTC,AAAGGAGG,0
3,7P1_5P3,GGTATCGATCTC,TTGGATCA,0
4,7P1_5P4,GGTATCGATCTC,GCTCCAAT,0
5,7P1_5P5,GGTATCGATCTC,ATATGGCA,0
6,7P1_5P6,GGTATCGATCTC,AGGGACTG,0
7,7P1_5P7,GGTATCGATCTC,GCTATACC,0
8,7P1_5P8,GGTATCGATCTC,GACCCTTT,0
9,7P1_5P9,GGTATCGATCTC,GCGCCTGC,0
10,7P1_5P10,GGTATCGATCTC,TTGCCGAG,0
11,7P1_5P11,GGTATCGATCTC,AACGTACT,0
12,7P1_5P12,GGTATCGATCTC,CGCGTCTA,0
13,7P1_5P13,GGTATCGATCTC,CCGCAAGC,0
14,7P1_5P14,GGTATCGATCTC,GTCGTTCG,0
15,7P1_5P15,GGTATCGATCTC,AAGTACTC,0
16,7P1_5P16,GGTATCGATCTC,TGCATGAG,0
17,7P1_5P17,GGTATCGATCTC,GGGCTCAC,0
18,7P1_5P18,GGTATCGATCTC,ATAATTAG,0
19,7P1_5P19,GGTATCGATCTC,AAATAATA,0
20,7P1_5P20,GGTATCGATCTC,TCTTCTGG,0
21,7P1_5P21,GGTATCGATCTC,CCTAGTCC,0
22,7P1_5P22,GGTATCGATCTC,AGCTTACA,0
23,7P1_5P23,GGTATCGATCTC,TAGTACGG,0
24,7P1_5P24,GGTATCGATCTC,TTCCATTG,0
25,7P1_5P25,GGTATCGATCTC,TGTGAGAT,0
26,7P1_5P26,GGTATCGATCTC,ACCGGCTC,0
27,7P1_5P27,GGTATCGATCTC,AGTATTCA,0
28,7P1_5P28,GGTATCGATCTC,GCACACTT,0
29,7P1_5P29,GGTATCGATCTC,TTGTGTAG,0
30,7P1_5P30,GGTATCGATCTC,TGTTGGCC,0
31,7P1_5P31,GGTATCGATCTC,AGAAGGGA,0
32,7P1_5P32,GGTATCGATCTC,AGGTTGTT,0
33,7P1_5P33,GGTATCGATCTC,GATGCATT,0
34,7P1_5P34,GGTATCGATCTC,TTGCACCC,0
35,7P1_5P35,GGTATCGATCTC,GGCGGGTA,0
36,7P1_5P36,GGTATCGATCTC,GGCCTTGG,0
37,7P1_5P37,GGTATCGATCTC,TACGTAAA,0
38,7P1_5P38,GGTATCGATCTC,TGGGACGC,0
39,7P1_5P39,GGTATCGATCTC,TTTATCTG,0
40,7P1_5P40,GGTATCGATCTC,TCTACCGT,0
41,7P1_5P41,GGTATCGATCTC,TAGATCGC,0
42,7P1_5P42,GGTATCGATCTC,CTCTCTAT,0
43,7P1_5P43,GGTATCGATCTC,TATCCTCT,0
44,7P1_5P44,GGTATCGATCTC,AGAGTAGA,0
45,7P1_5P45,GGTATCGATCTC,GTAAGGAG,0
46,7P1_5P46,GGTATCGATCTC,ACTGCATA,0
47,7P1_5P47,GGTATCGATCTC,AAGGAGTA,0
48,7P1_5P48,GGTATCGATCTC,CTAAGCCT,0
49,7P2_5P1,CCATAGTATCTC,CGCCTTTC,0
50,7P2_5P2,CCATAGTATCTC,AAAGGAGG,0
51,7P2_5P3,CCATAGTATCTC,TTGGATCA,0
52,7P2_5P4,CCATAGTATCTC,GCTCCAAT,0
53,7P2_5P5,CCATAGTATCTC,ATATGGCA,0
54,7P2_5P6,CCATAGTATCTC,AGGGACTG,0
55,7P2_5P7,CCATAGTATCTC,GCTATACC,0
56,7P2_5P8,CCATAGTATCTC,GACCCTTT,0
57,7P2_5P9,CCATAGTATCTC,GCGCCTGC,0
58,7P2_5P10,CCATAGTATCTC,TTGCCGAG,0
59,7P2_5P11,CCATAGTATCTC,AACGTACT,0
60,7P2_5P12,CCATAGTATCTC,CGCGTCTA,0
61,7P2_5P13,CCATAGTATCTC,CCGCAAGC,0
62,7P2_5P14,CCATAGTATCTC,GTCGTTCG,0
63,7P2_5P15,CCATAGTATCTC,AAGTACTC,0
64,7P2_5P16,CCATAGTATCTC,TGCATGAG,0
65,7P2_5P17,CCATAGTATCTC,GGGCTCAC,0
66,7P2_5P18,CCATAGTATCTC,ATAATTAG,0
67,7P2_5P19,CCATAGTATCTC,AAATAATA,0
68,7P2_5P20,CCATAGTATCTC,TCTTCTGG,0
69,7P2_5P21,CCATAGTATCTC,CCTAGTCC,0
70,7P2_5P22,CCATAGTATCTC,AGCTTACA,0
71,7P2_5P23,CCATAGTATCTC,TAGTACGG,0
72,7P2_5P24,CCATAGTATCTC,TTCCATTG,0
73,7P2_5P25,CCATAGTATCTC,TGTGAGAT,0
74,7P2_5P26,CCATAGTATCTC,ACCGGCTC,0
75,7P2_5P27,CCATAGTATCTC,AGTATTCA,0
76,7P2_5P28,CCATAGTATCTC,GCACACTT,0
77,7P2_5P29,CCATAGTATCTC,TTGTGTAG,0
78,7P2_5P30,CCATAGTATCTC,TGTTGGCC,0
79,7P2_5P31,CCATAGTATCTC,AGAAGGGA,0
80,7P2_5P32,CCATAGTATCTC,AGGTTGTT,0
81,7P2_5P33,CCATAGTATCTC,GATGCATT,0
82,7P2_5P34,CCATAGTATCTC,TTGCACCC,0
83,7P2_5P35,CCATAGTATCTC,GGCGGGTA,0
84,7P2_5P36,CCATAGTATCTC,GGCCTTGG,0
85,7P2_5P37,CCATAGTATCTC,TACGTAAA,0
86,7P2_5P38,CCATAGTATCTC,TGGGACGC,0
87,7P2_5P39,CCATAGTATCTC,TTTATCTG,0
88,7P2_5P40,CCATAGTATCTC,TCTACCGT,0
89,7P2_5P41,CCATAGTATCTC,TAGATCGC,0
90,7P2_5P42,CCATAGTATCTC,CTCTCTAT,0
91,7P2_5P43,CCATAGTATCTC,TATCCTCT,0
92,7P2_5P44,CCATAGTATCTC,AGAGTAGA,0
93,7P2_5P45,CCATAGTATCTC,GTAAGGAG,0
94,7P2_5P46,CCATAGTATCTC,ACTGCATA,0
95,7P2_5P47,CCATAGTATCTC,AAGGAGTA,0
96,7P2_5P48,CCATAGTATCTC,CTAAGCCT,0
97,7P3_5P1,TTGCGACATCTC,CGCCTTTC,0
98,7P3_5P2,TTGCGACATCTC,AAAGGAGG,0
99,7P3_5P3,TTGCGACATCTC,TTGGATCA,0
100,7P3_5P4,TTGCGACATCTC,GCTCCAAT,0
101,7P3_5P5,TTGCGACATCTC,ATATGGCA,0
102,7P3_5P6,TTGCGACATCTC,AGGGACTG,0
103,7P3_5P7,TTGCGACATCTC,GCTATACC,0
104,7P3_5P8,TTGCGACATCTC,GACCCTTT,0
105,7P3_5P9,TTGCGACATCTC,GCGCCTGC,0
106,7P3_5P10,TTGCGACATCTC,TTGCCGAG,0
107,7P3_5P11,TTGCGACATCTC,AACGTACT,0
108,7P3_5P12,TTGCGACATCTC,CGCGTCTA,0
109,7P3_5P13,TTGCGACATCTC,CCGCAAGC,0
110,7P3_5P14,TTGCGACATCTC,GTCGTTCG,0
111,7P3_5P15,TTGCGACATCTC,AAGTACTC,0
112,7P3_5P16,TTGCGACATCTC,TGCATGAG,0
113,7P3_5P17,TTGCGACATCTC,GGGCTCAC,0
114,7P3_5P18,TTGCGACATCTC,ATAATTAG,0
115,7P3_5P19,TTGCGACATCTC,AAATAATA,0
116,7P3_5P20,TTGCGACATCTC,TCTTCTGG,0
117,7P3_5P21,TTGCGACATCTC,CCTAGTCC,0
118,7P3_5P22,TTGCGACATCTC,AGCTTACA,0
119,7P3_5P23,TTGCGACATCTC,TAGTACGG,0
120,7P3_5P24,TTGCGACATCTC,TTCCATTG,0
121,7P3_5P25,TTGCGACATCTC,TGTGAGAT,0
122,7P3_5P26,TTGCGACATCTC,ACCGGCTC,0
123,7P3_5P27,TTGCGACATCTC,AGTATTCA,0
124,7P3_5P28,TTGCGACATCTC,GCACACTT,0
125,7P3_5P29,TTGCGACATCTC,TTGTGTAG,0
126,7P3_5P30,TTGCGACATCTC,TGTTGGCC,0
127,7P3_5P31,TTGCGACATCTC,AGAAGGGA,0
128,7P3_5P32,TTGCGACATCTC,AGGTTGTT,0
129,7P3_5P33,TTGCGACATCTC,GATGCATT,0
130,7P3_5P34,TTGCGACATCTC,TTGCACCC,0
131,7P3_5P35,TTGCGACATCTC,GGCGGGTA,0
132,7P3_5P36,TTGCGACATCTC,GGCCTTGG,0
133,7P3_5P37,TTGCGACATCTC,TACGTAAA,0
134,7P3_5P38,TTGCGACATCTC,TGGGACGC,0
135,7P3_5P39,TTGCGACATCTC,TTTATCTG,0
136,7P3_5P40,TTGCGACATCTC,TCTACCGT,0
137,7P3_5P41,TTGCGACATCTC,TAGATCGC,0
138,7P3_5P42,TTGCGACATCTC,CTCTCTAT,0
139,7P3_5P43,TTGCGACATCTC,TATCCTCT,0
140,7P3_5P44,TTGCGACATCTC,AGAGTAGA,0
141,7P3_5P45,TTGCGACATCTC,GTAAGGAG,0
142,7P3_5P46,TTGCGACATCTC,ACTGCATA,0
143,7P3_5P47,TTGCGACATCTC,AAGGAGTA,0
144,7P3_5P48,TTGCGACATCTC,CTAAGCCT,0
145,7P4_5P1,AACGCTAATCTC,CGCCTTTC,0
146,7P4_5P2,AACGCTAATCTC,AAAGGAGG,0
147,7P4_5P3,AACGCTAATCTC,TTGGATCA,0
148,7P4_5P4,AACGCTAATCTC,GCTCCAAT,0
149,7P4_5P5,AACGCTAATCTC,ATATGGCA,0
150,7P4_5P6,AACGCTAATCTC,AGGGACTG,0
151,7P4_5P7,AACGCTAATCTC,GCTATACC,0
152,7P4_5P8,AACGCTAATCTC,GACCCTTT,0
153,7P4_5P9,AACGCTAATCTC,GCGCCTGC,0
154,7P4_5P10,AACGCTAATCTC,TTGCCGAG,0
155,7P4_5P11,AACGCTAATCTC,AACGTACT,0
156,7P4_5P12,AACGCTAATCTC,CGCGTCTA,0
157,7P4_5P13,AACGCTAATCTC,CCGCAAGC,0
158,7P4_5P14,AACGCTAATCTC,GTCGTTCG,0
159,7P4_5P15,AACGCTAATCTC,AAGTACTC,0
160,7P4_5P16,AACGCTAATCTC,TGCATGAG,0
161,7P4_5P17,AACGCTAATCTC,GGGCTCAC,0
162,7P4_5P18,AACGCTAATCTC,ATAATTAG,0
163,7P4_5P19,AACGCTAATCTC,AAATAATA,0
164,7P4_5P20,AACGCTAATCTC,TCTTCTGG,0
165,7P4_5P21,AACGCTAATCTC,CCTAGTCC,0
166,7P4_5P22,AACGCTAATCTC,AGCTTACA,0
167,7P4_5P23,AACGCTAATCTC,TAGTACGG,0
168,7P4_5P24,AACGCTAATCTC,TTCCATTG,0
169,7P4_5P25,AACGCTAATCTC,TGTGAGAT,0
170,7P4_5P26,AACGCTAATCTC,ACCGGCTC,0
171,7P4_5P27,AACGCTAATCTC,AGTATTCA,0
172,7P4_5P28,AACGCTAATCTC,GCACACTT,0
173,7P4_5P29,AACGCTAATCTC,TTGTGTAG,0
174,7P4_5P30,AACGCTAATCTC,TGTTGGCC,0
175,7P4_5P31,AACGCTAATCTC,AGAAGGGA,0
176,7P4_5P32,AACGCTAATCTC,AGGTTGTT,0
177,7P4_5P33,AACGCTAATCTC,GATGCATT,0
178,7P4_5P34,AACGCTAATCTC,TTGCACCC,0
179,7P4_5P35,AACGCTAATCTC,GGCGGGTA,0
180,7P4_5P36,AACGCTAATCTC,GGCCTTGG,0
181,7P4_5P37,AACGCTAATCTC,TACGTAAA,0
182,7P4_5P38,AACGCTAATCTC,TGGGACGC,0
183,7P4_5P39,AACGCTAATCTC,TTTATCTG,0
184,7P4_5P40,AACGCTAATCTC,TCTACCGT,0
185,7P4_5P41,AACGCTAATCTC,TAGATCGC,0
186,7P4_5P42,AACGCTAATCTC,CTCTCTAT,0
187,7P4_5P43,AACGCTAATCTC,TATCCTCT,0
188,7P4_5P44,AACGCTAATCTC,AGAGTAGA,0
189,7P4_5P45,AACGCTAATCTC,GTAAGGAG,0
190,7P4_5P46,AACGCTAATCTC,ACTGCATA,0
191,7P4_5P47,AACGCTAATCTC,AAGGAGTA,0
192,7P4_5P48,AACGCTAATCTC,CTAAGCCT,0
193,7P5_5P1,GGTCAAGATCTC,CGCCTTTC,0
194,7P5_5P2,GGTCAAGATCTC,AAAGGAGG,0
195,7P5_5P3,GGTCAAGATCTC,TTGGATCA,0
196,7P5_5P4,GGTCAAGATCTC,GCTCCAAT,0
197,7P5_5P5,GGTCAAGATCTC,ATATGGCA,0
198,7P5_5P6,GGTCAAGATCTC,AGGGACTG,0
199,7P5_5P7,GGTCAAGATCTC,GCTATACC,0
200,7P5_5P8,GGTCAAGATCTC,GACCCTTT,0
201,7P5_5P9,GGTCAAGATCTC,GCGCCTGC,0
202,7P5_5P10,GGTCAAGATCTC,TTGCCGAG,0
203,7P5_5P11,GGTCAAGATCTC,AACGTACT,0
204,7P5_5P12,GGTCAAGATCTC,CGCGTCTA,0
205,7P5_5P13,GGTCAAGATCTC,CCGCAAGC,0
206,7P5_5P14,GGTCAAGATCTC,GTCGTTCG,0
207,7P5_5P15,GGTCAAGATCTC,AAGTACTC,0
208,7P5_5P16,GGTCAAGATCTC,TGCATGAG,0
209,7P5_5P17,GGTCAAGATCTC,GGGCTCAC,0
210,7P5_5P18,GGTCAAGATCTC,ATAATTAG,0
211,7P5_5P19,GGTCAAGATCTC,AAATAATA,0
212,7P5_5P20,GGTCAAGATCTC,TCTTCTGG,0
213,7P5_5P21,GGTCAAGATCTC,CCTAGTCC,0
214,7P5_5P22,GGTCAAGATCTC,AGCTTACA,0
215,7P5_5P23,GGTCAAGATCTC,TAGTACGG,0
216,7P5_5P24,GGTCAAGATCTC,TTCCATTG,0
217,7P5_5P25,GGTCAAGATCTC,TGTGAGAT,0
218,7P5_5P26,GGTCAAGATCTC,ACCGGCTC,0
219,7P5_5P27,GGTCAAGATCTC,AGTATTCA,0
220,7P5_5P28,GGTCAAGATCTC,GCACACTT,0
221,7P5_5P29,GGTCAAGATCTC,TTGTGTAG,0
222,7P5_5P30,GGTCAAGATCTC,TGTTGGCC,0
223,7P5_5P31,GGTCAAGATCTC,AGAAGGGA,0
224,7P5_5P32,GGTCAAGATCTC,AGGTTGTT,0
225,7P5_5P33,GGTCAAGATCTC,GATGCATT,0
226,7P5_5P34,GGTCAAGATCTC,TTGCACCC,0
227,7P5_5P35,GGTCAAGATCTC,GGCGGGTA,0
228,7P5_5P36,GGTCAAGATCTC,GGCCTTGG,0
229,7P5_5P37,GGTCAAGATCTC,TACGTAAA,0
230,7P5_5P38,GGTCAAGATCTC,TGGGACGC,0
231,7P5_5P39,GGTCAAGATCTC,TTTATCTG,0
232,7P5_5P40,GGTCAAGATCTC,TCTACCGT,0
233,7P5_5P41,GGTCAAGATCTC,TAGATCGC,0
234,7P5_5P42,GGTCAAGATCTC,CTCTCTAT,0
235,7P5_5P43,GGTCAAGATCTC,TATCCTCT,0
236,7P5_5P44,GGTCAAGATCTC,AGAGTAGA,0
237,7P5_5P45,GGTCAAGATCTC,GTAAGGAG,0
238,7P5_5P46,GGTCAAGATCTC,ACTGCATA,0
239,7P5_5P47,GGTCAAGATCTC,AAGGAGTA,0
240,7P5_5P48,GGTCAAGATCTC,CTAAGCCT,0
241,7P6_5P1,CCAGTTTATCTC,CGCCTTTC,0
242,7P6_5P2,CCAGTTTATCTC,AAAGGAGG,0
243,7P6_5P3,CCAGTTTATCTC,TTGGATCA,0
244,7P6_5P4,CCAGTTTATCTC,GCTCCAAT,0
245,7P6_5P5,CCAGTTTATCTC,ATATGGCA,0
246,7P6_5P6,CCAGTTTATCTC,AGGGACTG,0
247,7P6_5P7,CCAGTTTATCTC,GCTATACC,0
248,7P6_5P8,CCAGTTTATCTC,GACCCTTT,0
249,7P6_5P9,CCAGTTTATCTC,GCGCCTGC,0
250,7P6_5P10,CCAGTTTATCTC,TTGCCGAG,0
251,7P6_5P11,CCAGTTTATCTC,AACGTACT,0
252,7P6_5P12,CCAGTTTATCTC,CGCGTCTA,0
253,7P6_5P13,CCAGTTTATCTC,CCGCAAGC,0
254,7P6_5P14,CCAGTTTATCTC,GTCGTTCG,0
255,7P6_5P15,CCAGTTTATCTC,AAGTACTC,0
256,7P6_5P16,CCAGTTTATCTC,TGCATGAG,0
257,7P6_5P17,CCAGTTTATCTC,GGGCTCAC,0
258,7P6_5P18,CCAGTTTATCTC,ATAATTAG,0
259,7P6_5P19,CCAGTTTATCTC,AAATAATA,0
260,7P6_5P20,CCAGTTTATCTC,TCTTCTGG,0
261,7P6_5P21,CCAGTTTATCTC,CCTAGTCC,0
262,7P6_5P22,CCAGTTTATCTC,AGCTTACA,0
263,7P6_5P23,CCAGTTTATCTC,TAGTACGG,0
264,7P6_5P24,CCAGTTTATCTC,TTCCATTG,0
265,7P6_5P25,CCAGTTTATCTC,TGTGAGAT,0
266,7P6_5P26,CCAGTTTATCTC,ACCGGCTC,0
267,7P6_5P27,CCAGTTTATCTC,AGTATTCA,0
268,7P6_5P28,CCAGTTTATCTC,GCACACTT,0
269,7P6_5P29,CCAGTTTATCTC,TTGTGTAG,0
270,7P6_5P30,CCAGTTTATCTC,TGTTGGCC,0
271,7P6_5P31,CCAGTTTATCTC,AGAAGGGA,0
272,7P6_5P32,CCAGTTTATCTC,AGGTTGTT,0
273,7P6_5P33,CCAGTTTATCTC,GATGCATT,0
274,7P6_5P34,CCAGTTTATCTC,TTGCACCC,0
275,7P6_5P35,CCAGTTTATCTC,GGCGGGTA,0
276,7P6_5P36,CCAGTTTATCTC,GGCCTTGG,0
277,7P6_5P37,CCAGTTTATCTC,TACGTAAA,0
278,7P6_5P38,CCAGTTTATCTC,TGGGACGC,0
279,7P6_5P39,CCAGTTTATCTC,TTTATCTG,0
280,7P6_5P40,CCAGTTTATCTC,TCTACCGT,0
281,7P6_5P41,CCAGTTTATCTC,TAGATCGC,0
282,7P6_5P42,CCAGTTTATCTC,CTCTCTAT,0
283,7P6_5P43,CCAGTTTATCTC,TATCCTCT,0
284,7P6_5P44,CCAGTTTATCTC,AGAGTAGA,0
285,7P6_5P45,CCAGTTTATCTC,GTAAGGAG,0
286,7P6_5P46,CCAGTTTATCTC,ACTGCATA,0
287,7P6_5P47,CCAGTTTATCTC,AAGGAGTA,0
288,7P6_5P48,CCAGTTTATCTC,CTAAGCCT,0
289,7P7_5P1,TTGACCCATCTC,CGCCTTTC,0
290,7P7_5P2,TTGACCCATCTC,AAAGGAGG,0
291,7P7_5P3,TTGACCCATCTC,TTGGATCA,0
292,7P7_5P4,TTGACCCATCTC,GCTCCAAT,0
293,7P7_5P5,TTGACCCATCTC,ATATGGCA,0
294,7P7_5P6,TTGACCCATCTC,AGGGACTG,0
295,7P7_5P7,TTGACCCATCTC,GCTATACC,0
296,7P7_5P8,TTGACCCATCTC,GACCCTTT,0
297,7P7_5P9,TTGACCCATCTC,GCGCCTGC,0
298,7P7_5P10,TTGACCCATCTC,TTGCCGAG,0
299,7P7_5P11,TTGACCCATCTC,AACGTACT,0
300,7P7_5P12,TTGACCCATCTC,CGCGTCTA,0
301,7P7_5P13,TTGACCCATCTC,CCGCAAGC,0
302,7P7_5P14,TTGACCCATCTC,GTCGTTCG,0
303,7P7_5P15,TTGACCCATCTC,AAGTACTC,0
304,7P7_5P16,TTGACCCATCTC,TGCATGAG,0
305,7P7_5P17,TTGACCCATCTC,GGGCTCAC,0
306,7P7_5P18,TTGACCCATCTC,ATAATTAG,0
307,7P7_5P19,TTGACCCATCTC,AAATAATA,0
308,7P7_5P20,TTGACCCATCTC,TCTTCTGG,0
309,7P7_5P21,TTGACCCATCTC,CCTAGTCC,0
310,7P7_5P22,TTGACCCATCTC,AGCTTACA,0
311,7P7_5P23,TTGACCCATCTC,TAGTACGG,0
312,7P7_5P24,TTGACCCATCTC,TTCCATTG,0
313,7P7_5P25,TTGACCCATCTC,TGTGAGAT,0
314,7P7_5P26,TTGACCCATCTC,ACCGGCTC,0
315,7P7_5P27,TTGACCCATCTC,AGTATTCA,0
316,7P7_5P28,TTGACCCATCTC,GCACACTT,0
317,7P7_5P29,TTGACCCATCTC,TTGTGTAG,0
318,7P7_5P30,TTGACCCATCTC,TGTTGGCC,0
319,7P7_5P31,TTGACCCATCTC,AGAAGGGA,0
320,7P7_5P32,TTGACCCATCTC,AGGTTGTT,0
321,7P7_5P33,TTGACCCATCTC,GATGCATT,0
322,7P7_5P34,TTGACCCATCTC,TTGCACCC,0
323,7P7_5P35,TTGACCCATCTC,GGCGGGTA,0
324,7P7_5P36,TTGACCCATCTC,GGCCTTGG,0
325,7P7_5P37,TTGACCCATCTC,TACGTAAA,0
326,7P7_5P38,TTGACCCATCTC,TGGGACGC,0
327,7P7_5P39,TTGACCCATCTC,TTTATCTG,0
328,7P7_5P40,TTGACCCATCTC,TCTACCGT,0
329,7P7_5P41,TTGACCCATCTC,TAGATCGC,0
330,7P7_5P42,TTGACCCATCTC,CTCTCTAT,0
331,7P7_5P43,TTGACCCATCTC,TATCCTCT,0
332,7P7_5P44,TTGACCCATCTC,AGAGTAGA,0
333,7P7_5P45,TTGACCCATCTC,GTAAGGAG,0
334,7P7_5P46,TTGACCCATCTC,ACTGCATA,0
335,7P7_5P47,TTGACCCATCTC,AAGGAGTA,0
336,7P7_5P48,TTGACCCATCTC,CTAAGCCT,0
337,7P8_5P1,AACTGGAATCTC,CGCCTTTC,0
338,7P8_5P2,AACTGGAATCTC,AAAGGAGG,0
339,7P8_5P3,AACTGGAATCTC,TTGGATCA,0
340,7P8_5P4,AACTGGAATCTC,GCTCCAAT,0
341,7P8_5P5,AACTGGAATCTC,ATATGGCA,0
342,7P8_5P6,AACTGGAATCTC,AGGGACTG,0
343,7P8_5P7,AACTGGAATCTC,GCTATACC,0
344,7P8_5P8,AACTGGAATCTC,GACCCTTT,0
345,7P8_5P9,AACTGGAATCTC,GCGCCTGC,0
346,7P8_5P10,AACTGGAATCTC,TTGCCGAG,0
347,7P8_5P11,AACTGGAATCTC,AACGTACT,0
348,7P8_5P12,AACTGGAATCTC,CGCGTCTA,0
349,7P8_5P13,AACTGGAATCTC,CCGCAAGC,0
350,7P8_5P14,AACTGGAATCTC,GTCGTTCG,0
351,7P8_5P15,AACTGGAATCTC,AAGTACTC,0
352,7P8_5P16,AACTGGAATCTC,TGCATGAG,0
353,7P8_5P17,AACTGGAATCTC,GGGCTCAC,0
354,7P8_5P18,AACTGGAATCTC,ATAATTAG,0
355,7P8_5P19,AACTGGAATCTC,AAATAATA,0
356,7P8_5P20,AACTGGAATCTC,TCTTCTGG,0
357,7P8_5P21,AACTGGAATCTC,CCTAGTCC,0
358,7P8_5P22,AACTGGAATCTC,AGCTTACA,0
359,7P8_5P23,AACTGGAATCTC,TAGTACGG,0
360,7P8_5P24,AACTGGAATCTC,TTCCATTG,0
361,7P8_5P25,AACTGGAATCTC,TGTGAGAT,0
362,7P8_5P26,AACTGGAATCTC,ACCGGCTC,0
363,7P8_5P27,AACTGGAATCTC,AGTATTCA,0
364,7P8_5P28,AACTGGAATCTC,GCACACTT,0
365,7P8_5P29,AACTGGAATCTC,TTGTGTAG,0
366,7P8_5P30,AACTGGAATCTC,TGTTGGCC,0
367,7P8_5P31,AACTGGAATCTC,AGAAGGGA,0
368,7P8_5P32,AACTGGAATCTC,AGGTTGTT,0
369,7P8_5P33,AACTGGAATCTC,GATGCATT,0
370,7P8_5P34,AACTGGAATCTC,TTGCACCC,0
371,7P8_5P35,AACTGGAATCTC,GGCGGGTA,0
372,7P8_5P36,AACTGGAATCTC,GGCCTTGG,0
373,7P8_5P37,AACTGGAATCTC,TACGTAAA,0
374,7P8_5P38,AACTGGAATCTC,TGGGACGC,0
375,7P8_5P39,AACTGGAATCTC,TTTATCTG,0
376,7P8_5P40,AACTGGAATCTC,TCTACCGT,0
377,7P8_5P41,AACTGGAATCTC,TAGATCGC,0
378,7P8_5P42,AACTGGAATCTC,CTCTCTAT,0
379,7P8_5P43,AACTGGAATCTC,TATCCTCT,0
380,7P8_5P44,AACTGGAATCTC,AGAGTAGA,0
381,7P8_5P45,AACTGGAATCTC,GTAAGGAG,0
382,7P8_5P46,AACTGGAATCTC,ACTGCATA,0
383,7P8_5P47,AACTGGAATCTC,AAGGAGTA,0
384,7P8_5P48,AACTGGAATCTC,CTAAGCCT,0
385,7P9_5P1,GGACTTGATCTC,CGCCTTTC,0
386,7P9_5P2,GGACTTGATCTC,AAAGGAGG,0
387,7P9_5P3,GGACTTGATCTC,TTGGATCA,0
388,7P9_5P4,GGACTTGATCTC,GCTCCAAT,0
389,7P9_5P5,GGACTTGATCTC,ATATGGCA,0
390,7P9_5P6,GGACTTGATCTC,AGGGACTG,0
391,7P9_5P7,GGACTTGATCTC,GCTATACC,0
392,7P9_5P8,GGACTTGATCTC,GACCCTTT,0
393,7P9_5P9,GGACTTGATCTC,GCGCCTGC,0
394,7P9_5P10,GGACTTGATCTC,TTGCCGAG,0
395,7P9_5P11,GGACTTGATCTC,AACGTACT,0
396,7P9_5P12,GGACTTGATCTC,CGCGTCTA,0
397,7P9_5P13,GGACTTGATCTC,CCGCAAGC,0
398,7P9_5P14,GGACTTGATCTC,GTCGTTCG,0
399,7P9_5P15,GGACTTGATCTC,AAGTACTC,0
400,7P9_5P16,GGACTTGATCTC,TGCATGAG,0
401,7P9_5P17,GGACTTGATCTC,GGGCTCAC,0
402,7P9_5P18,GGACTTGATCTC,ATAATTAG,0
403,7P9_5P19,GGACTTGATCTC,AAATAATA,0
404,7P9_5P20,GGACTTGATCTC,TCTTCTGG,0
405,7P9_5P21,GGACTTGATCTC,CCTAGTCC,0
406,7P9_5P22,GGACTTGATCTC,AGCTTACA,0
407,7P9_5P23,GGACTTGATCTC,TAGTACGG,0
408,7P9_5P24,GGACTTGATCTC,TTCCATTG,0
409,7P9_5P25,GGACTTGATCTC,TGTGAGAT,0
410,7P9_5P26,GGACTTGATCTC,ACCGGCTC,0
411,7P9_5P27,GGACTTGATCTC,AGTATTCA,0
412,7P9_5P28,GGACTTGATCTC,GCACACTT,0
413,7P9_5P29,GGACTTGATCTC,TTGTGTAG,0
414,7P9_5P30,GGACTTGATCTC,TGTTGGCC,0
415,7P9_5P31,GGACTTGATCTC,AGAAGGGA,0
416,7P9_5P32,GGACTTGATCTC,AGGTTGTT,0
417,7P9_5P33,GGACTTGATCTC,GATGCATT,0
418,7P9_5P34,GGACTTGATCTC,TTGCACCC,0
419,7P9_5P35,GGACTTGATCTC,GGCGGGTA,0
420,7P9_5P36,GGACTTGATCTC,GGCCTTGG,0
421,7P9_5P37,GGACTTGATCTC,TACGTAAA,0
422,7P9_5P38,GGACTTGATCTC,TGGGACGC,0
423,7P9_5P39,GGACTTGATCTC,TTTATCTG,0
424,7P9_5P40,GGACTTGATCTC,TCTACCGT,0
425,7P9_5P41,GGACTTGATCTC,TAGATCGC,0
426,7P9_5P42,GGACTTGATCTC,CTCTCTAT,0
427,7P9_5P43,GGACTTGATCTC,TATCCTCT,0
428,7P9_5P44,GGACTTGATCTC,AGAGTAGA,0
429,7P9_5P45,GGACTTGATCTC,GTAAGGAG,0
430,7P9_5P46,GGACTTGATCTC,ACTGCATA,0
431,7P9_5P47,GGACTTGATCTC,AAGGAGTA,0
432,7P9_5P48,GGACTTGATCTC,CTAAGCCT,0
433,7P10_5P1,CCTGAATATCTC,CGCCTTTC,0
434,7P10_5P2,CCTGAATATCTC,AAAGGAGG,0
435,7P10_5P3,CCTGAATATCTC,TTGGATCA,0
436,7P10_5P4,CCTGAATATCTC,GCTCCAAT,0
437,7P10_5P5,CCTGAATATCTC,ATATGGCA,0
438,7P10_5P6,CCTGAATATCTC,AGGGACTG,0
439,7P10_5P7,CCTGAATATCTC,GCTATACC,0
440,7P10_5P8,CCTGAATATCTC,GACCCTTT,0
441,7P10_5P9,CCTGAATATCTC,GCGCCTGC,0
442,7P10_5P10,CCTGAATATCTC,TTGCCGAG,0
443,7P10_5P11,CCTGAATATCTC,AACGTACT,0
444,7P10_5P12,CCTGAATATCTC,CGCGTCTA,0
445,7P10_5P13,CCTGAATATCTC,CCGCAAGC,0
446,7P10_5P14,CCTGAATATCTC,GTCGTTCG,0
447,7P10_5P15,CCTGAATATCTC,AAGTACTC,0
448,7P10_5P16,CCTGAATATCTC,TGCATGAG,0
449,7P10_5P17,CCTGAATATCTC,GGGCTCAC,0
450,7P10_5P18,CCTGAATATCTC,ATAATTAG,0
451,7P10_5P19,CCTGAATATCTC,AAATAATA,0
452,7P10_5P20,CCTGAATATCTC,TCTTCTGG,0
453,7P10_5P21,CCTGAATATCTC,CCTAGTCC,0
454,7P10_5P22,CCTGAATATCTC,AGCTTACA,0
455,7P10_5P23,CCTGAATATCTC,TAGTACGG,0
456,7P10_5P24,CCTGAATATCTC,TTCCATTG,0
457,7P10_5P25,CCTGAATATCTC,TGTGAGAT,0
458,7P10_5P26,CCTGAATATCTC,ACCGGCTC,0
459,7P10_5P27,CCTGAATATCTC,AGTATTCA,0
460,7P10_5P28,CCTGAATATCTC,GCACACTT,0
461,7P10_5P29,CCTGAATATCTC,TTGTGTAG,0
462,7P10_5P30,CCTGAATATCTC,TGTTGGCC,0
463,7P10_5P31,CCTGAATATCTC,AGAAGGGA,0
464,7P10_5P32,CCTGAATATCTC,AGGTTGTT,0
465,7P10_5P33,CCTGAATATCTC,GATGCATT,0
466,7P10_5P34,CCTGAATATCTC,TTGCACCC,0
467,7P10_5P35,CCTGAATATCTC,GGCGGGTA,0
468,7P10_5P36,CCTGAATATCTC,GGCCTTGG,0
469,7P10_5P37,CCTGAATATCTC,TACGTAAA,0
470,7P10_5P38,CCTGAATATCTC,TGGGACGC,0
471,7P10_5P39,CCTGAATATCTC,TTTATCTG,0
472,7P10_5P40,CCTGAATATCTC,TCTACCGT,0
473,7P10_5P41,CCTGAATATCTC,TAGATCGC,0
474,7P10_5P42,CCTGAATATCTC,CTCTCTAT,0
475,7P10_5P43,CCTGAATATCTC,TATCCTCT,0
476,7P10_5P44,CCTGAATATCTC,AGAGTAGA,0
477,7P10_5P45,CCTGAATATCTC,GTAAGGAG,0
478,7P10_5P46,CCTGAATATCTC,ACTGCATA,0
479,7P10_5P47,CCTGAATATCTC,AAGGAGTA,0
480,7P10_5P48,CCTGAATATCTC,CTAAGCCT,0
481,7P11_5P1,TTCAGGCATCTC,CGCCTTTC,0
482,7P11_5P2,TTCAGGCATCTC,AAAGGAGG,0
483,7P11_5P3,TTCAGGCATCTC,TTGGATCA,0
484,7P11_5P4,TTCAGGCATCTC,GCTCCAAT,0
485,7P11_5P5,TTCAGGCATCTC,ATATGGCA,0
486,7P11_5P6,TTCAGGCATCTC,AGGGACTG,0
487,7P11_5P7,TTCAGGCATCTC,GCTATACC,0
488,7P11_5P8,TTCAGGCATCTC,GACCCTTT,0
489,7P11_5P9,TTCAGGCATCTC,GCGCCTGC,0
490,7P11_5P10,TTCAGGCATCTC,TTGCCGAG,0
491,7P11_5P11,TTCAGGCATCTC,AACGTACT,0
492,7P11_5P12,TTCAGGCATCTC,CGCGTCTA,0
493,7P11_5P13,TTCAGGCATCTC,CCGCAAGC,0
494,7P11_5P14,TTCAGGCATCTC,GTCGTTCG,0
495,7P11_5P15,TTCAGGCATCTC,AAGTACTC,0
496,7P11_5P16,TTCAGGCATCTC,TGCATGAG,0
497,7P11_5P17,TTCAGGCATCTC,GGGCTCAC,0
498,7P11_5P18,TTCAGGCATCTC,ATAATTAG,0
499,7P11_5P19,TTCAGGCATCTC,AAATAATA,0
500,7P11_5P20,TTCAGGCATCTC,TCTTCTGG,0
501,7P11_5P21,TTCAGGCATCTC,CCTAGTCC,0
502,7P11_5P22,TTCAGGCATCTC,AGCTTACA,0
503,7P11_5P23,TTCAGGCATCTC,TAGTACGG,0
504,7P11_5P24,TTCAGGCATCTC,TTCCATTG,0
505,7P11_5P25,TTCAGGCATCTC,TGTGAGAT,0
506,7P11_5P26,TTCAGGCATCTC,ACCGGCTC,0
507,7P11_5P27,TTCAGGCATCTC,AGTATTCA,0
508,7P11_5P28,TTCAGGCATCTC,GCACACTT,0
509,7P11_5P29,TTCAGGCATCTC,TTGTGTAG,0
510,7P11_5P30,TTCAGGCATCTC,TGTTGGCC,0
511,7P11_5P31,TTCAGGCATCTC,AGAAGGGA,0
512,7P11_5P32,TTCAGGCATCTC,AGGTTGTT,0
513,7P11_5P33,TTCAGGCATCTC,GATGCATT,0
514,7P11_5P34,TTCAGGCATCTC,TTGCACCC,0
515,7P11_5P35,TTCAGGCATCTC,GGCGGGTA,0
516,7P11_5P36,TTCAGGCATCTC,GGCCTTGG,0
517,7P11_5P37,TTCAGGCATCTC,TACGTAAA,0
518,7P11_5P38,TTCAGGCATCTC,TGGGACGC,0
519,7P11_5P39,TTCAGGCATCTC,TTTATCTG,0
520,7P11_5P40,TTCAGGCATCTC,TCTACCGT,0
521,7P11_5P41,TTCAGGCATCTC,TAGATCGC,0
522,7P11_5P42,TTCAGGCATCTC,CTCTCTAT,0
523,7P11_5P43,TTCAGGCATCTC,TATCCTCT,0
524,7P11_5P44,TTCAGGCATCTC,AGAGTAGA,0
525,7P11_5P45,TTCAGGCATCTC,GTAAGGAG,0
526,7P11_5P46,TTCAGGCATCTC,ACTGCATA,0
527,7P11_5P47,TTCAGGCATCTC,AAGGAGTA,0
528,7P11_5P48,TTCAGGCATCTC,CTAAGCCT,0
529,7P12_5P1,AAGTCCAATCTC,CGCCTTTC,0
530,7P12_5P2,AAGTCCAATCTC,AAAGGAGG,0
531,7P12_5P3,AAGTCCAATCTC,TTGGATCA,0
532,7P12_5P4,AAGTCCAATCTC,GCTCCAAT,0
533,7P12_5P5,AAGTCCAATCTC,ATATGGCA,0
534,7P12_5P6,AAGTCCAATCTC,AGGGACTG,0
535,7P12_5P7,AAGTCCAATCTC,GCTATACC,0
536,7P12_5P8,AAGTCCAATCTC,GACCCTTT,0
537,7P12_5P9,AAGTCCAATCTC,GCGCCTGC,0
538,7P12_5P10,AAGTCCAATCTC,TTGCCGAG,0
539,7P12_5P11,AAGTCCAATCTC,AACGTACT,0
540,7P12_5P12,AAGTCCAATCTC,CGCGTCTA,0
541,7P12_5P13,AAGTCCAATCTC,CCGCAAGC,0
542,7P12_5P14,AAGTCCAATCTC,GTCGTTCG,0
543,7P12_5P15,AAGTCCAATCTC,AAGTACTC,0
544,7P12_5P16,AAGTCCAATCTC,TGCATGAG,0
545,7P12_5P17,AAGTCCAATCTC,GGGCTCAC,0
546,7P12_5P18,AAGTCCAATCTC,ATAATTAG,0
547,7P12_5P19,AAGTCCAATCTC,AAATAATA,0
548,7P12_5P20,AAGTCCAATCTC,TCTTCTGG,0
549,7P12_5P21,AAGTCCAATCTC,CCTAGTCC,0
550,7P12_5P22,AAGTCCAATCTC,AGCTTACA,0
551,7P12_5P23,AAGTCCAATCTC,TAGTACGG,0
552,7P12_5P24,AAGTCCAATCTC,TTCCATTG,0
553,7P12_5P25,AAGTCCAATCTC,TGTGAGAT,0
554,7P12_5P26,AAGTCCAATCTC,ACCGGCTC,0
555,7P12_5P27,AAGTCCAATCTC,AGTATTCA,0
556,7P12_5P28,AAGTCCAATCTC,GCACACTT,0
557,7P12_5P29,AAGTCCAATCTC,TTGTGTAG,0
558,7P12_5P30,AAGTCCAATCTC,TGTTGGCC,0
559,7P12_5P31,AAGTCCAATCTC,AGAAGGGA,0
560,7P12_5P32,AAGTCCAATCTC,AGGTTGTT,0
561,7P12_5P33,AAGTCCAATCTC,GATGCATT,0
562,7P12_5P34,AAGTCCAATCTC,TTGCACCC,0
563,7P12_5P35,AAGTCCAATCTC,GGCGGGTA,0
564,7P12_5P36,AAGTCCAATCTC,GGCCTTGG,0
565,7P12_5P37,AAGTCCAATCTC,TACGTAAA,0
566,7P12_5P38,AAGTCCAATCTC,TGGGACGC,0
567,7P12_5P39,AAGTCCAATCTC,TTTATCTG,0
568,7P12_5P40,AAGTCCAATCTC,TCTACCGT,0
569,7P12_5P41,AAGTCCAATCTC,TAGATCGC,0
570,7P12_5P42,AAGTCCAATCTC,CTCTCTAT,0
571,7P12_5P43,AAGTCCAATCTC,TATCCTCT,0
572,7P12_5P44,AAGTCCAATCTC,AGAGTAGA,0
573,7P12_5P45,AAGTCCAATCTC,GTAAGGAG,0
574,7P12_5P46,AAGTCCAATCTC,ACTGCATA,0
575,7P12_5P47,AAGTCCAATCTC,AAGGAGTA,0
576,7P12_5P48,AAGTCCAATCTC,CTAAGCCT,0
577,7P13_5P1,GGCAATGATCTC,CGCCTTTC,0
578,7P13_5P2,GGCAATGATCTC,AAAGGAGG,0
579,7P13_5P3,GGCAATGATCTC,TTGGATCA,0
580,7P13_5P4,GGCAATGATCTC,GCTCCAAT,0
581,7P13_5P5,GGCAATGATCTC,ATATGGCA,0
582,7P13_5P6,GGCAATGATCTC,AGGGACTG,0
583,7P13_5P7,GGCAATGATCTC,GCTATACC,0
584,7P13_5P8,GGCAATGATCTC,GACCCTTT,0
585,7P13_5P9,GGCAATGATCTC,GCGCCTGC,0
586,7P13_5P10,GGCAATGATCTC,TTGCCGAG,0
587,7P13_5P11,GGCAATGATCTC,AACGTACT,0
588,7P13_5P12,GGCAATGATCTC,CGCGTCTA,0
589,7P13_5P13,GGCAATGATCTC,CCGCAAGC,0
590,7P13_5P14,GGCAATGATCTC,GTCGTTCG,0
591,7P13_5P15,GGCAATGATCTC,AAGTACTC,0
592,7P13_5P16,GGCAATGATCTC,TGCATGAG,0
593,7P13_5P17,GGCAATGATCTC,GGGCTCAC,0
594,7P13_5P18,GGCAATGATCTC,ATAATTAG,0
595,7P13_5P19,GGCAATGATCTC,AAATAATA,0
596,7P13_5P20,GGCAATGATCTC,TCTTCTGG,0
597,7P13_5P21,GGCAATGATCTC,CCTAGTCC,0
598,7P13_5P22,GGCAATGATCTC,AGCTTACA,0
599,7P13_5P23,GGCAATGATCTC,TAGTACGG,0
600,7P13_5P24,GGCAATGATCTC,TTCCATTG,0
601,7P13_5P25,GGCAATGATCTC,TGTGAGAT,0
602,7P13_5P26,GGCAATGATCTC,ACCGGCTC,0
603,7P13_5P27,GGCAATGATCTC,AGTATTCA,0
604,7P13_5P28,GGCAATGATCTC,GCACACTT,0
605,7P13_5P29,GGCAATGATCTC,TTGTGTAG,0
606,7P13_5P30,GGCAATGATCTC,TGTTGGCC,0
607,7P13_5P31,GGCAATGATCTC,AGAAGGGA,0
608,7P13_5P32,GGCAATGATCTC,AGGTTGTT,0
609,7P13_5P33,GGCAATGATCTC,GATGCATT,0
610,7P13_5P34,GGCAATGATCTC,TTGCACCC,0
611,7P13_5P35,GGCAATGATCTC,GGCGGGTA,0
612,7P13_5P36,GGCAATGATCTC,GGCCTTGG,0
613,7P13_5P37,GGCAATGATCTC,TACGTAAA,0
614,7P13_5P38,GGCAATGATCTC,TGGGACGC,0
615,7P13_5P39,GGCAATGATCTC,TTTATCTG,0
616,7P13_5P40,GGCAATGATCTC,TCTACCGT,0
617,7P13_5P41,GGCAATGATCTC,TAGATCGC,0
618,7P13_5P42,GGCAATGATCTC,CTCTCTAT,0
619,7P13_5P43,GGCAATGATCTC,TATCCTCT,0
620,7P13_5P44,GGCAATGATCTC,AGAGTAGA,0
621,7P13_5P45,GGCAATGATCTC,GTAAGGAG,0
622,7P13_5P46,GGCAATGATCTC,ACTGCATA,0
623,7P13_5P47,GGCAATGATCTC,AAGGAGTA,0
624,7P13_5P48,GGCAATGATCTC,CTAAGCCT,0
625,7P14_5P1,CCGTTATATCTC,CGCCTTTC,0
626,7P14_5P2,CCGTTATATCTC,AAAGGAGG,0
627,7P14_5P3,CCGTTATATCTC,TTGGATCA,0
628,7P14_5P4,CCGTTATATCTC,GCTCCAAT,0
629,7P14_5P5,CCGTTATATCTC,ATATGGCA,0
630,7P14_5P6,CCGTTATATCTC,AGGGACTG,0
631,7P14_5P7,CCGTTATATCTC,GCTATACC,0
632,7P14_5P8,CCGTTATATCTC,GACCCTTT,0
633,7P14_5P9,CCGTTATATCTC,GCGCCTGC,0
634,7P14_5P10,CCGTTATATCTC,TTGCCGAG,0
635,7P14_5P11,CCGTTATATCTC,AACGTACT,0
636,7P14_5P12,CCGTTATATCTC,CGCGTCTA,0
637,7P14_5P13,CCGTTATATCTC,CCGCAAGC,0
638,7P14_5P14,CCGTTATATCTC,GTCGTTCG,0
639,7P14_5P15,CCGTTATATCTC,AAGTACTC,0
640,7P14_5P16,CCGTTATATCTC,TGCATGAG,0
641,7P14_5P17,CCGTTATATCTC,GGGCTCAC,0
642,7P14_5P18,CCGTTATATCTC,ATAATTAG,0
643,7P14_5P19,CCGTTATATCTC,AAATAATA,0
644,7P14_5P20,CCGTTATATCTC,TCTTCTGG,0
645,7P14_5P21,CCGTTATATCTC,CCTAGTCC,0
646,7P14_5P22,CCGTTATATCTC,AGCTTACA,0
647,7P14_5P23,CCGTTATATCTC,TAGTACGG,0
648,7P14_5P24,CCGTTATATCTC,TTCCATTG,0
649,7P14_5P25,CCGTTATATCTC,TGTGAGAT,0
650,7P14_5P26,CCGTTATATCTC,ACCGGCTC,0
651,7P14_5P27,CCGTTATATCTC,AGTATTCA,0
652,7P14_5P28,CCGTTATATCTC,GCACACTT,0
653,7P14_5P29,CCGTTATATCTC,TTGTGTAG,0
654,7P14_5P30,CCGTTATATCTC,TGTTGGCC,0
655,7P14_5P31,CCGTTATATCTC,AGAAGGGA,0
656,7P14_5P32,CCGTTATATCTC,AGGTTGTT,0
657,7P14_5P33,CCGTTATATCTC,GATGCATT,0
658,7P14_5P34,CCGTTATATCTC,TTGCACCC,0
659,7P14_5P35,CCGTTATATCTC,GGCGGGTA,0
660,7P14_5P36,CCGTTATATCTC,GGCCTTGG,0
661,7P14_5P37,CCGTTATATCTC,TACGTAAA,0
662,7P14_5P38,CCGTTATATCTC,TGGGACGC,0
663,7P14_5P39,CCGTTATATCTC,TTTATCTG,0
664,7P14_5P40,CCGTTATATCTC,TCTACCGT,0
665,7P14_5P41,CCGTTATATCTC,TAGATCGC,0
666,7P14_5P42,CCGTTATATCTC,CTCTCTAT,0
667,7P14_5P43,CCGTTATATCTC,TATCCTCT,0
668,7P14_5P44,CCGTTATATCTC,AGAGTAGA,0
669,7P14_5P45,CCGTTATATCTC,GTAAGGAG,0
670,7P14_5P46,CCGTTATATCTC,ACTGCATA,0
671,7P14_5P47,CCGTTATATCTC,AAGGAGTA,0
672,7P14_5P48,CCGTTATATCTC,CTAAGCCT,0
673,7P15_5P1,TTACCGCATCTC,CGCCTTTC,0
674,7P15_5P2,TTACCGCATCTC,AAAGGAGG,0
675,7P15_5P3,TTACCGCATCTC,TTGGATCA,0
676,7P15_5P4,TTACCGCATCTC,GCTCCAAT,0
677,7P15_5P5,TTACCGCATCTC,ATATGGCA,0
678,7P15_5P6,TTACCGCATCTC,AGGGACTG,0
679,7P15_5P7,TTACCGCATCTC,GCTATACC,0
680,7P15_5P8,TTACCGCATCTC,GACCCTTT,0
681,7P15_5P9,TTACCGCATCTC,GCGCCTGC,0
682,7P15_5P10,TTACCGCATCTC,TTGCCGAG,0
683,7P15_5P11,TTACCGCATCTC,AACGTACT,0
684,7P15_5P12,TTACCGCATCTC,CGCGTCTA,0
685,7P15_5P13,TTACCGCATCTC,CCGCAAGC,0
686,7P15_5P14,TTACCGCATCTC,GTCGTTCG,0
687,7P15_5P15,TTACCGCATCTC,AAGTACTC,0
688,7P15_5P16,TTACCGCATCTC,TGCATGAG,0
689,7P15_5P17,TTACCGCATCTC,GGGCTCAC,0
690,7P15_5P18,TTACCGCATCTC,ATAATTAG,0
691,7P15_5P19,TTACCGCATCTC,AAATAATA,0
692,7P15_5P20,TTACCGCATCTC,TCTTCTGG,0
693,7P15_5P21,TTACCGCATCTC,CCTAGTCC,0
694,7P15_5P22,TTACCGCATCTC,AGCTTACA,0
695,7P15_5P23,TTACCGCATCTC,TAGTACGG,0
696,7P15_5P24,TTACCGCATCTC,TTCCATTG,0
697,7P15_5P25,TTACCGCATCTC,TGTGAGAT,0
698,7P15_5P26,TTACCGCATCTC,ACCGGCTC,0
699,7P15_5P27,TTACCGCATCTC,AGTATTCA,0
700,7P15_5P28,TTACCGCATCTC,GCACACTT,0
701,7P15_5P29,TTACCGCATCTC,TTGTGTAG,0
702,7P15_5P30,TTACCGCATCTC,TGTTGGCC,0
703,7P15_5P31,TTACCGCATCTC,AGAAGGGA,0
704,7P15_5P32,TTACCGCATCTC,AGGTTGTT,0
705,7P15_5P33,TTACCGCATCTC,GATGCATT,0
706,7P15_5P34,TTACCGCATCTC,TTGCACCC,0
707,7P15_5P35,TTACCGCATCTC,GGCGGGTA,0
708,7P15_5P36,TTACCGCATCTC,GGCCTTGG,0
709,7P15_5P37,TTACCGCATCTC,TACGTAAA,0
710,7P15_5P38,TTACCGCATCTC,TGGGACGC,0
711,7P15_5P39,TTACCGCATCTC,TTTATCTG,0
712,7P15_5P40,TTACCGCATCTC,TCTACCGT,0
713,7P15_5P41,TTACCGCATCTC,TAGATCGC,0
714,7P15_5P42,TTACCGCATCTC,CTCTCTAT,0
715,7P15_5P43,TTACCGCATCTC,TATCCTCT,0
716,7P15_5P44,TTACCGCATCTC,AGAGTAGA,0
717,7P15_5P45,TTACCGCATCTC,GTAAGGAG,0
718,7P15_5P46,TTACCGCATCTC,ACTGCATA,0
719,7P15_5P47,TTACCGCATCTC,AAGGAGTA,0
720,7P15_5P48,TTACCGCATCTC,CTAAGCCT,0
721,7P16_5P1,AATGGCAATCTC,CGCCTTTC,0
722,7P16_5P2,AATGGCAATCTC,AAAGGAGG,0
723,7P16_5P3,AATGGCAATCTC,TTGGATCA,0
724,7P16_5P4,AATGGCAATCTC,GCTCCAAT,0
725,7P16_5P5,AATGGCAATCTC,ATATGGCA,0
726,7P16_5P6,AATGGCAATCTC,AGGGACTG,0
727,7P16_5P7,AATGGCAATCTC,GCTATACC,0
728,7P16_5P8,AATGGCAATCTC,GACCCTTT,0
729,7P16_5P9,AATGGCAATCTC,GCGCCTGC,0
730,7P16_5P10,AATGGCAATCTC,TTGCCGAG,0
731,7P16_5P11,AATGGCAATCTC,AACGTACT,0
732,7P16_5P12,AATGGCAATCTC,CGCGTCTA,0
733,7P16_5P13,AATGGCAATCTC,CCGCAAGC,0
734,7P16_5P14,AATGGCAATCTC,GTCGTTCG,0
735,7P16_5P15,AATGGCAATCTC,AAGTACTC,0
736,7P16_5P16,AATGGCAATCTC,TGCATGAG,0
737,7P16_5P17,AATGGCAATCTC,GGGCTCAC,0
738,7P16_5P18,AATGGCAATCTC,ATAATTAG,0
739,7P16_5P19,AATGGCAATCTC,AAATAATA,0
740,7P16_5P20,AATGGCAATCTC,TCTTCTGG,0
741,7P16_5P21,AATGGCAATCTC,CCTAGTCC,0
742,7P16_5P22,AATGGCAATCTC,AGCTTACA,0
743,7P16_5P23,AATGGCAATCTC,TAGTACGG,0
744,7P16_5P24,AATGGCAATCTC,TTCCATTG,0
745,7P16_5P25,AATGGCAATCTC,TGTGAGAT,0
746,7P16_5P26,AATGGCAATCTC,ACCGGCTC,0
747,7P16_5P27,AATGGCAATCTC,AGTATTCA,0
748,7P16_5P28,AATGGCAATCTC,GCACACTT,0
749,7P16_5P29,AATGGCAATCTC,TTGTGTAG,0
750,7P16_5P30,AATGGCAATCTC,TGTTGGCC,0
751,7P16_5P31,AATGGCAATCTC,AGAAGGGA,0
752,7P16_5P32,AATGGCAATCTC,AGGTTGTT,0
753,7P16_5P33,AATGGCAATCTC,GATGCATT,0
754,7P16_5P34,AATGGCAATCTC,TTGCACCC,0
755,7P16_5P35,AATGGCAATCTC,GGCGGGTA,0
756,7P16_5P36,AATGGCAATCTC,GGCCTTGG,0
757,7P16_5P37,AATGGCAATCTC,TACGTAAA,0
758,7P16_5P38,AATGGCAATCTC,TGGGACGC,0
759,7P16_5P39,AATGGCAATCTC,TTTATCTG,0
760,7P16_5P40,AATGGCAATCTC,TCTACCGT,0
761,7P16_5P41,AATGGCAATCTC,TAGATCGC,0
762,7P16_5P42,AATGGCAATCTC,CTCTCTAT,0
763,7P16_5P43,AATGGCAATCTC,TATCCTCT,0
764,7P16_5P44,AATGGCAATCTC,AGAGTAGA,0
765,7P16_5P45,AATGGCAATCTC,GTAAGGAG,0
766,7P16_5P46,AATGGCAATCTC,ACTGCATA,0
767,7P16_5P47,AATGGCAATCTC,AAGGAGTA,0
768,7P16_5P48,AATGGCAATCTC,CTAAGCCT,0
769,7P17_5P1,GGATACGATCTC,CGCCTTTC,0
770,7P17_5P2,GGATACGATCTC,AAAGGAGG,0
771,7P17_5P3,GGATACGATCTC,TTGGATCA,0
772,7P17_5P4,GGATACGATCTC,GCTCCAAT,0
773,7P17_5P5,GGATACGATCTC,ATATGGCA,0
774,7P17_5P6,GGATACGATCTC,AGGGACTG,0
775,7P17_5P7,GGATACGATCTC,GCTATACC,0
776,7P17_5P8,GGATACGATCTC,GACCCTTT,0
777,7P17_5P9,GGATACGATCTC,GCGCCTGC,0
778,7P17_5P10,GGATACGATCTC,TTGCCGAG,0
779,7P17_5P11,GGATACGATCTC,AACGTACT,0
780,7P17_5P12,GGATACGATCTC,CGCGTCTA,0
781,7P17_5P13,GGATACGATCTC,CCGCAAGC,0
782,7P17_5P14,GGATACGATCTC,GTCGTTCG,0
783,7P17_5P15,GGATACGATCTC,AAGTACTC,0
784,7P17_5P16,GGATACGATCTC,TGCATGAG,0
785,7P17_5P17,GGATACGATCTC,GGGCTCAC,0
786,7P17_5P18,GGATACGATCTC,ATAATTAG,0
787,7P17_5P19,GGATACGATCTC,AAATAATA,0
788,7P17_5P20,GGATACGATCTC,TCTTCTGG,0
789,7P17_5P21,GGATACGATCTC,CCTAGTCC,0
790,7P17_5P22,GGATACGATCTC,AGCTTACA,0
791,7P17_5P23,GGATACGATCTC,TAGTACGG,0
792,7P17_5P24,GGATACGATCTC,TTCCATTG,0
793,7P17_5P25,GGATACGATCTC,TGTGAGAT,0
794,7P17_5P26,GGATACGATCTC,ACCGGCTC,0
795,7P17_5P27,GGATACGATCTC,AGTATTCA,0
796,7P17_5P28,GGATACGATCTC,GCACACTT,0
797,7P17_5P29,GGATACGATCTC,TTGTGTAG,0
798,7P17_5P30,GGATACGATCTC,TGTTGGCC,0
799,7P17_5P31,GGATACGATCTC,AGAAGGGA,0
800,7P17_5P32,GGATACGATCTC,AGGTTGTT,0
801,7P17_5P33,GGATACGATCTC,GATGCATT,0
802,7P17_5P34,GGATACGATCTC,TTGCACCC,0
803,7P17_5P35,GGATACGATCTC,GGCGGGTA,0
804,7P17_5P36,GGATACGATCTC,GGCCTTGG,0
805,7P17_5P37,GGATACGATCTC,TACGTAAA,0
806,7P17_5P38,GGATACGATCTC,TGGGACGC,0
807,7P17_5P39,GGATACGATCTC,TTTATCTG,0
808,7P17_5P40,GGATACGATCTC,TCTACCGT,0
809,7P17_5P41,GGATACGATCTC,TAGATCGC,0
810,7P17_5P42,GGATACGATCTC,CTCTCTAT,0
811,7P17_5P43,GGATACGATCTC,TATCCTCT,0
812,7P17_5P44,GGATACGATCTC,AGAGTAGA,0
813,7P17_5P45,GGATACGATCTC,GTAAGGAG,0
814,7P17_5P46,GGATACGATCTC,ACTGCATA,0
815,7P17_5P47,GGATACGATCTC,AAGGAGTA,0
816,7P17_5P48,GGATACGATCTC,CTAAGCCT,0
817,7P18_5P1,CCTATGTATCTC,CGCCTTTC,0
818,7P18_5P2,CCTATGTATCTC,AAAGGAGG,0
819,7P18_5P3,CCTATGTATCTC,TTGGATCA,0
820,7P18_5P4,CCTATGTATCTC,GCTCCAAT,0
821,7P18_5P5,CCTATGTATCTC,ATATGGCA,0
822,7P18_5P6,CCTATGTATCTC,AGGGACTG,0
823,7P18_5P7,CCTATGTATCTC,GCTATACC,0
824,7P18_5P8,CCTATGTATCTC,GACCCTTT,0
825,7P18_5P9,CCTATGTATCTC,GCGCCTGC,0
826,7P18_5P10,CCTATGTATCTC,TTGCCGAG,0
827,7P18_5P11,CCTATGTATCTC,AACGTACT,0
828,7P18_5P12,CCTATGTATCTC,CGCGTCTA,0
829,7P18_5P13,CCTATGTATCTC,CCGCAAGC,0
830,7P18_5P14,CCTATGTATCTC,GTCGTTCG,0
831,7P18_5P15,CCTATGTATCTC,AAGTACTC,0
832,7P18_5P16,CCTATGTATCTC,TGCATGAG,0
833,7P18_5P17,CCTATGTATCTC,GGGCTCAC,0
834,7P18_5P18,CCTATGTATCTC,ATAATTAG,0
835,7P18_5P19,CCTATGTATCTC,AAATAATA,0
836,7P18_5P20,CCTATGTATCTC,TCTTCTGG,0
837,7P18_5P21,CCTATGTATCTC,CCTAGTCC,0
838,7P18_5P22,CCTATGTATCTC,AGCTTACA,0
839,7P18_5P23,CCTATGTATCTC,TAGTACGG,0
840,7P18_5P24,CCTATGTATCTC,TTCCATTG,0
841,7P18_5P25,CCTATGTATCTC,TGTGAGAT,0
842,7P18_5P26,CCTATGTATCTC,ACCGGCTC,0
843,7P18_5P27,CCTATGTATCTC,AGTATTCA,0
844,7P18_5P28,CCTATGTATCTC,GCACACTT,0
845,7P18_5P29,CCTATGTATCTC,TTGTGTAG,0
846,7P18_5P30,CCTATGTATCTC,TGTTGGCC,0
847,7P18_5P31,CCTATGTATCTC,AGAAGGGA,0
848,7P18_5P32,CCTATGTATCTC,AGGTTGTT,0
849,7P18_5P33,CCTATGTATCTC,GATGCATT,0
850,7P18_5P34,CCTATGTATCTC,TTGCACCC,0
851,7P18_5P35,CCTATGTATCTC,GGCGGGTA,0
852,7P18_5P36,CCTATGTATCTC,GGCCTTGG,0
853,7P18_5P37,CCTATGTATCTC,TACGTAAA,0
854,7P18_5P38,CCTATGTATCTC,TGGGACGC,0
855,7P18_5P39,CCTATGTATCTC,TTTATCTG,0
856,7P18_5P40,CCTATGTATCTC,TCTACCGT,0
857,7P18_5P41,CCTATGTATCTC,TAGATCGC,0
858,7P18_5P42,CCTATGTATCTC,CTCTCTAT,0
859,7P18_5P43,CCTATGTATCTC,TATCCTCT,0
860,7P18_5P44,CCTATGTATCTC,AGAGTAGA,0
861,7P18_5P45,CCTATGTATCTC,GTAAGGAG,0
862,7P18_5P46,CCTATGTATCTC,ACTGCATA,0
863,7P18_5P47,CCTATGTATCTC,AAGGAGTA,0
864,7P18_5P48,CCTATGTATCTC,CTAAGCCT,0
865,7P19_5P1,TTCGCACATCTC,CGCCTTTC,0
866,7P19_5P2,TTCGCACATCTC,AAAGGAGG,0
867,7P19_5P3,TTCGCACATCTC,TTGGATCA,0
868,7P19_5P4,TTCGCACATCTC,GCTCCAAT,0
869,7P19_5P5,TTCGCACATCTC,ATATGGCA,0
870,7P19_5P6,TTCGCACATCTC,AGGGACTG,0
871,7P19_5P7,TTCGCACATCTC,GCTATACC,0
872,7P19_5P8,TTCGCACATCTC,GACCCTTT,0
873,7P19_5P9,TTCGCACATCTC,GCGCCTGC,0
874,7P19_5P10,TTCGCACATCTC,TTGCCGAG,0
875,7P19_5P11,TTCGCACATCTC,AACGTACT,0
876,7P19_5P12,TTCGCACATCTC,CGCGTCTA,0
877,7P19_5P13,TTCGCACATCTC,CCGCAAGC,0
878,7P19_5P14,TTCGCACATCTC,GTCGTTCG,0
879,7P19_5P15,TTCGCACATCTC,AAGTACTC,0
880,7P19_5P16,TTCGCACATCTC,TGCATGAG,0
881,7P19_5P17,TTCGCACATCTC,GGGCTCAC,0
882,7P19_5P18,TTCGCACATCTC,ATAATTAG,0
883,7P19_5P19,TTCGCACATCTC,AAATAATA,0
884,7P19_5P20,TTCGCACATCTC,TCTTCTGG,0
885,7P19_5P21,TTCGCACATCTC,CCTAGTCC,0
886,7P19_5P22,TTCGCACATCTC,AGCTTACA,0
887,7P19_5P23,TTCGCACATCTC,TAGTACGG,0
888,7P19_5P24,TTCGCACATCTC,TTCCATTG,0
889,7P19_5P25,TTCGCACATCTC,TGTGAGAT,0
890,7P19_5P26,TTCGCACATCTC,ACCGGCTC,0
891,7P19_5P27,TTCGCACATCTC,AGTATTCA,0
892,7P19_5P28,TTCGCACATCTC,GCACACTT,0
893,7P19_5P29,TTCGCACATCTC,TTGTGTAG,0
894,7P19_5P30,TTCGCACATCTC,TGTTGGCC,0
895,7P19_5P31,TTCGCACATCTC,AGAAGGGA,0
896,7P19_5P32,TTCGCACATCTC,AGGTTGTT,0
897,7P19_5P33,TTCGCACATCTC,GATGCATT,0
898,7P19_5P34,TTCGCACATCTC,TTGCACCC,0
899,7P19_5P35,TTCGCACATCTC,GGCGGGTA,0
900,7P19_5P36,TTCGCACATCTC,GGCCTTGG,0
901,7P19_5P37,TTCGCACATCTC,TACGTAAA,0
902,7P19_5P38,TTCGCACATCTC,TGGGACGC,0
903,7P19_5P39,TTCGCACATCTC,TTTATCTG,0
904,7P19_5P40,TTCGCACATCTC,TCTACCGT,0
905,7P19_5P41,TTCGCACATCTC,TAGATCGC,0
906,7P19_5P42,TTCGCACATCTC,CTCTCTAT,0
907,7P19_5P43,TTCGCACATCTC,TATCCTCT,0
908,7P19_5P44,TTCGCACATCTC,AGAGTAGA,0
909,7P19_5P45,TTCGCACATCTC,GTAAGGAG,0
910,7P19_5P46,TTCGCACATCTC,ACTGCATA,0
911,7P19_5P47,TTCGCACATCTC,AAGGAGTA,0
912,7P19_5P48,TTCGCACATCTC,CTAAGCCT,0
913,7P20_5P1,AAGCGTAATCTC,CGCCTTTC,0
914,7P20_5P2,AAGCGTAATCTC,AAAGGAGG,0
915,7P20_5P3,AAGCGTAATCTC,TTGGATCA,0
916,7P20_5P4,AAGCGTAATCTC,GCTCCAAT,0
917,7P20_5P5,AAGCGTAATCTC,ATATGGCA,0
918,7P20_5P6,AAGCGTAATCTC,AGGGACTG,0
919,7P20_5P7,AAGCGTAATCTC,GCTATACC,0
920,7P20_5P8,AAGCGTAATCTC,GACCCTTT,0
921,7P20_5P9,AAGCGTAATCTC,GCGCCTGC,0
922,7P20_5P10,AAGCGTAATCTC,TTGCCGAG,0
923,7P20_5P11,AAGCGTAATCTC,AACGTACT,0
924,7P20_5P12,AAGCGTAATCTC,CGCGTCTA,0
925,7P20_5P13,AAGCGTAATCTC,CCGCAAGC,0
926,7P20_5P14,AAGCGTAATCTC,GTCGTTCG,0
927,7P20_5P15,AAGCGTAATCTC,AAGTACTC,0
928,7P20_5P16,AAGCGTAATCTC,TGCATGAG,0
929,7P20_5P17,AAGCGTAATCTC,GGGCTCAC,0
930,7P20_5P18,AAGCGTAATCTC,ATAATTAG,0
931,7P20_5P19,AAGCGTAATCTC,AAATAATA,0
932,7P20_5P20,AAGCGTAATCTC,TCTTCTGG,0
933,7P20_5P21,AAGCGTAATCTC,CCTAGTCC,0
934,7P20_5P22,AAGCGTAATCTC,AGCTTACA,0
935,7P20_5P23,AAGCGTAATCTC,TAGTACGG,0
936,7P20_5P24,AAGCGTAATCTC,TTCCATTG,0
937,7P20_5P25,AAGCGTAATCTC,TGTGAGAT,0
938,7P20_5P26,AAGCGTAATCTC,ACCGGCTC,0
939,7P20_5P27,AAGCGTAATCTC,AGTATTCA,0
940,7P20_5P28,AAGCGTAATCTC,GCACACTT,0
941,7P20_5P29,AAGCGTAATCTC,TTGTGTAG,0
942,7P20_5P30,AAGCGTAATCTC,TGTTGGCC,0
943,7P20_5P31,AAGCGTAATCTC,AGAAGGGA,0
944,7P20_5P32,AAGCGTAATCTC,AGGTTGTT,0
945,7P20_5P33,AAGCGTAATCTC,GATGCATT,0
946,7P20_5P34,AAGCGTAATCTC,TTGCACCC,0
947,7P20_5P35,AAGCGTAATCTC,GGCGGGTA,0
948,7P20_5P36,AAGCGTAATCTC,GGCCTTGG,0
949,7P20_5P37,AAGCGTAATCTC,TACGTAAA,0
950,7P20_5P38,AAGCGTAATCTC,TGGGACGC,0
951,7P20_5P39,AAGCGTAATCTC,TTTATCTG,0
952,7P20_5P40,AAGCGTAATCTC,TCTACCGT,0
953,7P20_5P41,AAGCGTAATCTC,TAGATCGC,0
954,7P20_5P42,AAGCGTAATCTC,CTCTCTAT,0
955,7P20_5P43,AAGCGTAATCTC,TATCCTCT,0
956,7P20_5P44,AAGCGTAATCTC,AGAGTAGA,0
957,7P20_5P45,AAGCGTAATCTC,GTAAGGAG,0
958,7P20_5P46,AAGCGTAATCTC,ACTGCATA,0
959,7P20_5P47,AAGCGTAATCTC,AAGGAGTA,0
960,7P20_5P48,AAGCGTAATCTC,CTAAGCCT,0
961,7P21_5P1,GCTTGAGATCTC,CGCCTTTC,0
962,7P21_5P2,GCTTGAGATCTC,AAAGGAGG,0
963,7P21_5P3,GCTTGAGATCTC,TTGGATCA,0
964,7P21_5P4,GCTTGAGATCTC,GCTCCAAT,0
965,7P21_5P5,GCTTGAGATCTC,ATATGGCA,0
966,7P21_5P6,GCTTGAGATCTC,AGGGACTG,0
967,7P21_5P7,GCTTGAGATCTC,GCTATACC,0
968,7P21_5P8,GCTTGAGATCTC,GACCCTTT,0
969,7P21_5P9,GCTTGAGATCTC,GCGCCTGC,0
970,7P21_5P10,GCTTGAGATCTC,TTGCCGAG,0
971,7P21_5P11,GCTTGAGATCTC,AACGTACT,0
972,7P21_5P12,GCTTGAGATCTC,CGCGTCTA,0
973,7P21_5P13,GCTTGAGATCTC,CCGCAAGC,0
974,7P21_5P14,GCTTGAGATCTC,GTCGTTCG,0
975,7P21_5P15,GCTTGAGATCTC,AAGTACTC,0
976,7P21_5P16,GCTTGAGATCTC,TGCATGAG,0
977,7P21_5P17,GCTTGAGATCTC,GGGCTCAC,0
978,7P21_5P18,GCTTGAGATCTC,ATAATTAG,0
979,7P21_5P19,GCTTGAGATCTC,AAATAATA,0
980,7P21_5P20,GCTTGAGATCTC,TCTTCTGG,0
981,7P21_5P21,GCTTGAGATCTC,CCTAGTCC,0
982,7P21_5P22,GCTTGAGATCTC,AGCTTACA,0
983,7P21_5P23,GCTTGAGATCTC,TAGTACGG,0
984,7P21_5P24,GCTTGAGATCTC,TTCCATTG,0
985,7P21_5P25,GCTTGAGATCTC,TGTGAGAT,0
986,7P21_5P26,GCTTGAGATCTC,ACCGGCTC,0
987,7P21_5P27,GCTTGAGATCTC,AGTATTCA,0
988,7P21_5P28,GCTTGAGATCTC,GCACACTT,0
989,7P21_5P29,GCTTGAGATCTC,TTGTGTAG,0
990,7P21_5P30,GCTTGAGATCTC,TGTTGGCC,0
991,7P21_5P31,GCTTGAGATCTC,AGAAGGGA,0
992,7P21_5P32,GCTTGAGATCTC,AGGTTGTT,0
993,7P21_5P33,GCTTGAGATCTC,GATGCATT,0
994,7P21_5P34,GCTTGAGATCTC,TTGCACCC,0
995,7P21_5P35,GCTTGAGATCTC,GGCGGGTA,0
996,7P21_5P36,GCTTGAGATCTC,GGCCTTGG,0
997,7P21_5P37,GCTTGAGATCTC,TACGTAAA,0
998,7P21_5P38,GCTTGAGATCTC,TGGGACGC,0
999,7P21_5P39,GCTTGAGATCTC,TTTATCTG,0
1000,7P21_5P40,GCTTGAGATCTC,TCTACCGT,0
1001,7P21_5P41,GCTTGAGATCTC,TAGATCGC,0
1002,7P21_5P42,GCTTGAGATCTC,CTCTCTAT,0
1003,7P21_5P43,GCTTGAGATCTC,TATCCTCT,0
1004,7P21_5P44,GCTTGAGATCTC,AGAGTAGA,0
1005,7P21_5P45,GCTTGAGATCTC,GTAAGGAG,0
1006,7P21_5P46,GCTTGAGATCTC,ACTGCATA,0
1007,7P21_5P47,GCTTGAGATCTC,AAGGAGTA,0
1008,7P21_5P48,GCTTGAGATCTC,CTAAGCCT,0
1009,7P22_5P1,CGAACTTATCTC,CGCCTTTC,0
1010,7P22_5P2,CGAACTTATCTC,AAAGGAGG,0
1011,7P22_5P3,CGAACTTATCTC,TTGGATCA,0
1012,7P22_5P4,CGAACTTATCTC,GCTCCAAT,0
1013,7P22_5P5,CGAACTTATCTC,ATATGGCA,0
1014,7P22_5P6,CGAACTTATCTC,AGGGACTG,0
1015,7P22_5P7,CGAACTTATCTC,GCTATACC,0
1016,7P22_5P8,CGAACTTATCTC,GACCCTTT,0
1017,7P22_5P9,CGAACTTATCTC,GCGCCTGC,0
1018,7P22_5P10,CGAACTTATCTC,TTGCCGAG,0
1019,7P22_5P11,CGAACTTATCTC,AACGTACT,0
1020,7P22_5P12,CGAACTTATCTC,CGCGTCTA,0
1021,7P22_5P13,CGAACTTATCTC,CCGCAAGC,0
1022,7P22_5P14,CGAACTTATCTC,GTCGTTCG,0
1023,7P22_5P15,CGAACTTATCTC,AAGTACTC,0
1024,7P22_5P16,CGAACTTATCTC,TGCATGAG,0
1025,7P22_5P17,CGAACTTATCTC,GGGCTCAC,0
1026,7P22_5P18,CGAACTTATCTC,ATAATTAG,0
1027,7P22_5P19,CGAACTTATCTC,AAATAATA,0
1028,7P22_5P20,CGAACTTATCTC,TCTTCTGG,0
1029,7P22_5P21,CGAACTTATCTC,CCTAGTCC,0
1030,7P22_5P22,CGAACTTATCTC,AGCTTACA,0
1031,7P22_5P23,CGAACTTATCTC,TAGTACGG,0
1032,7P22_5P24,CGAACTTATCTC,TTCCATTG,0
1033,7P22_5P25,CGAACTTATCTC,TGTGAGAT,0
1034,7P22_5P26,CGAACTTATCTC,ACCGGCTC,0
1035,7P22_5P27,CGAACTTATCTC,AGTATTCA,0
1036,7P22_5P28,CGAACTTATCTC,GCACACTT,0
1037,7P22_5P29,CGAACTTATCTC,TTGTGTAG,0
1038,7P22_5P30,CGAACTTATCTC,TGTTGGCC,0
1039,7P22_5P31,CGAACTTATCTC,AGAAGGGA,0
1040,7P22_5P32,CGAACTTATCTC,AGGTTGTT,0
1041,7P22_5P33,CGAACTTATCTC,GATGCATT,0
1042,7P22_5P34,CGAACTTATCTC,TTGCACCC,0
1043,7P22_5P35,CGAACTTATCTC,GGCGGGTA,0
1044,7P22_5P36,CGAACTTATCTC,GGCCTTGG,0
1045,7P22_5P37,CGAACTTATCTC,TACGTAAA,0
1046,7P22_5P38,CGAACTTATCTC,TGGGACGC,0
1047,7P22_5P39,CGAACTTATCTC,TTTATCTG,0
1048,7P22_5P40,CGAACTTATCTC,TCTACCGT,0
1049,7P22_5P41,CGAACTTATCTC,TAGATCGC,0
1050,7P22_5P42,CGAACTTATCTC,CTCTCTAT,0
1051,7P22_5P43,CGAACTTATCTC,TATCCTCT,0
1052,7P22_5P44,CGAACTTATCTC,AGAGTAGA,0
1053,7P22_5P45,CGAACTTATCTC,GTAAGGAG,0
1054,7P22_5P46,CGAACTTATCTC,ACTGCATA,0
1055,7P22_5P47,CGAACTTATCTC,AAGGAGTA,0
1056,7P22_5P48,CGAACTTATCTC,CTAAGCCT,0
1057,7P23_5P1,TAGGTCCATCTC,CGCCTTTC,0
1058,7P23_5P2,TAGGTCCATCTC,AAAGGAGG,0
1059,7P23_5P3,TAGGTCCATCTC,TTGGATCA,0
1060,7P23_5P4,TAGGTCCATCTC,GCTCCAAT,0
1061,7P23_5P5,TAGGTCCATCTC,ATATGGCA,0
1062,7P23_5P6,TAGGTCCATCTC,AGGGACTG,0
1063,7P23_5P7,TAGGTCCATCTC,GCTATACC,0
1064,7P23_5P8,TAGGTCCATCTC,GACCCTTT,0
1065,7P23_5P9,TAGGTCCATCTC,GCGCCTGC,0
1066,7P23_5P10,TAGGTCCATCTC,TTGCCGAG,0
1067,7P23_5P11,TAGGTCCATCTC,AACGTACT,0
1068,7P23_5P12,TAGGTCCATCTC,CGCGTCTA,0
1069,7P23_5P13,TAGGTCCATCTC,CCGCAAGC,0
1070,7P23_5P14,TAGGTCCATCTC,GTCGTTCG,0
1071,7P23_5P15,TAGGTCCATCTC,AAGTACTC,0
1072,7P23_5P16,TAGGTCCATCTC,TGCATGAG,0
1073,7P23_5P17,TAGGTCCATCTC,GGGCTCAC,0
1074,7P23_5P18,TAGGTCCATCTC,ATAATTAG,0
1075,7P23_5P19,TAGGTCCATCTC,AAATAATA,0
1076,7P23_5P20,TAGGTCCATCTC,TCTTCTGG,0
1077,7P23_5P21,TAGGTCCATCTC,CCTAGTCC,0
1078,7P23_5P22,TAGGTCCATCTC,AGCTTACA,0
1079,7P23_5P23,TAGGTCCATCTC,TAGTACGG,0
1080,7P23_5P24,TAGGTCCATCTC,TTCCATTG,0
1081,7P23_5P25,TAGGTCCATCTC,TGTGAGAT,0
1082,7P23_5P26,TAGGTCCATCTC,ACCGGCTC,0
1083,7P23_5P27,TAGGTCCATCTC,AGTATTCA,0
1084,7P23_5P28,TAGGTCCATCTC,GCACACTT,0
1085,7P23_5P29,TAGGTCCATCTC,TTGTGTAG,0
1086,7P23_5P30,TAGGTCCATCTC,TGTTGGCC,0
1087,7P23_5P31,TAGGTCCATCTC,AGAAGGGA,0
1088,7P23_5P32,TAGGTCCATCTC,AGGTTGTT,0
1089,7P23_5P33,TAGGTCCATCTC,GATGCATT,0
1090,7P23_5P34,TAGGTCCATCTC,TTGCACCC,0
1091,7P23_5P35,TAGGTCCATCTC,GGCGGGTA,0
1092,7P23_5P36,TAGGTCCATCTC,GGCCTTGG,0
1093,7P23_5P37,TAGGTCCATCTC,TACGTAAA,0
1094,7P23_5P38,TAGGTCCATCTC,TGGGACGC,0
1095,7P23_5P39,TAGGTCCATCTC,TTTATCTG,0
1096,7P23_5P40,TAGGTCCATCTC,TCTACCGT,0
1097,7P23_5P41,TAGGTCCATCTC,TAGATCGC,0
1098,7P23_5P42,TAGGTCCATCTC,CTCTCTAT,0
1099,7P23_5P43,TAGGTCCATCTC,TATCCTCT,0
1100,7P23_5P44,TAGGTCCATCTC,AGAGTAGA,0
1101,7P23_5P45,TAGGTCCATCTC,GTAAGGAG,0
1102,7P23_5P46,TAGGTCCATCTC,ACTGCATA,0
1103,7P23_5P47,TAGGTCCATCTC,AAGGAGTA,0
1104,7P23_5P48,TAGGTCCATCTC,CTAAGCCT,0
1105,7P24_5P1,ATCCAGAATCTC,CGCCTTTC,0
1106,7P24_5P2,ATCCAGAATCTC,AAAGGAGG,0
1107,7P24_5P3,ATCCAGAATCTC,TTGGATCA,0
1108,7P24_5P4,ATCCAGAATCTC,GCTCCAAT,0
1109,7P24_5P5,ATCCAGAATCTC,ATATGGCA,0
1110,7P24_5P6,ATCCAGAATCTC,AGGGACTG,0
1111,7P24_5P7,ATCCAGAATCTC,GCTATACC,0
1112,7P24_5P8,ATCCAGAATCTC,GACCCTTT,0
1113,7P24_5P9,ATCCAGAATCTC,GCGCCTGC,0
1114,7P24_5P10,ATCCAGAATCTC,TTGCCGAG,0
1115,7P24_5P11,ATCCAGAATCTC,AACGTACT,0
1116,7P24_5P12,ATCCAGAATCTC,CGCGTCTA,0
1117,7P24_5P13,ATCCAGAATCTC,CCGCAAGC,0
1118,7P24_5P14,ATCCAGAATCTC,GTCGTTCG,0
1119,7P24_5P15,ATCCAGAATCTC,AAGTACTC,0
1120,7P24_5P16,ATCCAGAATCTC,TGCATGAG,0
1121,7P24_5P17,ATCCAGAATCTC,GGGCTCAC,0
1122,7P24_5P18,ATCCAGAATCTC,ATAATTAG,0
1123,7P24_5P19,ATCCAGAATCTC,AAATAATA,0
1124,7P24_5P20,ATCCAGAATCTC,TCTTCTGG,0
1125,7P24_5P21,ATCCAGAATCTC,CCTAGTCC,0
1126,7P24_5P22,ATCCAGAATCTC,AGCTTACA,0
1127,7P24_5P23,ATCCAGAATCTC,TAGTACGG,0
1128,7P24_5P24,ATCCAGAATCTC,TTCCATTG,0
1129,7P24_5P25,ATCCAGAATCTC,TGTGAGAT,0
1130,7P24_5P26,ATCCAGAATCTC,ACCGGCTC,0
1131,7P24_5P27,ATCCAGAATCTC,AGTATTCA,0
1132,7P24_5P28,ATCCAGAATCTC,GCACACTT,0
1133,7P24_5P29,ATCCAGAATCTC,TTGTGTAG,0
1134,7P24_5P30,ATCCAGAATCTC,TGTTGGCC,0
1135,7P24_5P31,ATCCAGAATCTC,AGAAGGGA,0
1136,7P24_5P32,ATCCAGAATCTC,AGGTTGTT,0
1137,7P24_5P33,ATCCAGAATCTC,GATGCATT,0
1138,7P24_5P34,ATCCAGAATCTC,TTGCACCC,0
1139,7P24_5P35,ATCCAGAATCTC,GGCGGGTA,0
1140,7P24_5P36,ATCCAGAATCTC,GGCCTTGG,0
1141,7P24_5P37,ATCCAGAATCTC,TACGTAAA,0
1142,7P24_5P38,ATCCAGAATCTC,TGGGACGC,0
1143,7P24_5P39,ATCCAGAATCTC,TTTATCTG,0
1144,7P24_5P40,ATCCAGAATCTC,TCTACCGT,0
1145,7P24_5P41,ATCCAGAATCTC,TAGATCGC,0
1146,7P24_5P42,ATCCAGAATCTC,CTCTCTAT,0
1147,7P24_5P43,ATCCAGAATCTC,TATCCTCT,0
1148,7P24_5P44,ATCCAGAATCTC,AGAGTAGA,0
1149,7P24_5P45,ATCCAGAATCTC,GTAAGGAG,0
1150,7P24_5P46,ATCCAGAATCTC,ACTGCATA,0
1151,7P24_5P47,ATCCAGAATCTC,AAGGAGTA,0
1152,7P24_5P48,ATCCAGAATCTC,CTAAGCCT,0
